Date,AAPL,MSFT,DHR
2014-09-02,61.0,66.0,51.0
2014-09-03,61.0,66.0,51.0
2014-09-04,61.0,66.0,51.0
2014-09-05,61.0,66.0,51.0
2014-09-08,61.0,66.0,51.0
2014-09-09,61.0,66.0,51.0
2014-09-10,61.0,66.0,51.0
2014-09-11,61.0,66.0,51.0
2014-09-12,61.0,66.0,51.0
2014-09-15,61.0,66.0,51.0
2014-09-16,61.0,66.0,51.0
2014-09-17,61.0,66.0,51.0
2014-09-18,61.0,66.0,51.0
2014-09-19,61.0,66.0,51.0
2014-09-22,61.0,66.0,51.0
2014-09-23,61.0,66.0,51.0
2014-09-24,61.0,66.0,51.0
2014-09-25,61.0,66.0,51.0
2014-09-26,61.0,66.0,51.0
2014-09-29,61.0,66.0,51.0
2014-09-30,61.0,66.0,51.0
2014-10-01,60.0,66.0,51.0
2014-10-02,60.0,66.0,51.0
2014-10-03,60.0,66.0,51.0
2014-10-06,60.0,66.0,51.0
2014-10-07,60.0,66.0,51.0
2014-10-08,60.0,66.0,51.0
2014-10-09,60.0,66.0,51.0
2014-10-10,60.0,66.0,51.0
2014-10-13,60.0,66.0,51.0
2014-10-14,60.0,66.0,51.0
2014-10-15,60.0,66.0,51.0
2014-10-16,60.0,66.0,51.0
2014-10-17,60.0,66.0,51.0
2014-10-20,60.0,66.0,51.0
2014-10-21,60.0,66.0,51.0
2014-10-22,60.0,66.0,51.0
2014-10-23,60.0,66.0,51.0
2014-10-24,60.0,66.0,51.0
2014-10-27,60.0,66.0,51.0
2014-10-28,60.0,66.0,51.0
2014-10-29,60.0,66.0,51.0
2014-10-30,60.0,66.0,51.0
2014-10-31,60.0,66.0,51.0
2014-11-03,61.0,66.0,52.0
2014-11-04,61.0,66.0,52.0
2014-11-05,61.0,66.0,52.0
2014-11-06,61.0,66.0,52.0
2014-11-07,61.0,66.0,52.0
2014-11-10,61.0,66.0,52.0
2014-11-11,61.0,66.0,52.0
2014-11-12,61.0,66.0,52.0
2014-11-13,61.0,66.0,52.0
2014-11-14,61.0,66.0,52.0
2014-11-17,61.0,66.0,52.0
2014-11-18,61.0,66.0,52.0
2014-11-19,61.0,66.0,52.0
2014-11-20,61.0,66.0,52.0
2014-11-21,61.0,66.0,52.0
2014-11-24,61.0,66.0,52.0
2014-11-25,61.0,66.0,52.0
2014-11-26,61.0,66.0,52.0
2014-11-28,61.0,66.0,52.0
2014-12-01,61.0,66.0,52.0
2014-12-02,61.0,66.0,52.0
2014-12-03,61.0,66.0,52.0
2014-12-04,61.0,66.0,52.0
2014-12-05,61.0,66.0,52.0
2014-12-08,61.0,66.0,52.0
2014-12-09,61.0,66.0,52.0
2014-12-10,61.0,66.0,52.0
2014-12-11,61.0,66.0,52.0
2014-12-12,61.0,66.0,52.0
2014-12-15,61.0,66.0,52.0
2014-12-16,61.0,66.0,52.0
2014-12-17,61.0,66.0,52.0
2014-12-18,61.0,66.0,52.0
2014-12-19,61.0,66.0,52.0
2014-12-22,61.0,66.0,52.0
2014-12-23,61.0,66.0,52.0
2014-12-24,61.0,66.0,52.0
2014-12-26,61.0,66.0,52.0
2014-12-29,61.0,66.0,52.0
2014-12-30,61.0,66.0,52.0
2014-12-31,61.0,66.0,52.0
2015-01-02,61.0,66.0,52.0
2015-01-05,61.0,66.0,52.0
2015-01-06,61.0,66.0,52.0
2015-01-07,61.0,66.0,52.0
2015-01-08,61.0,66.0,52.0
2015-01-09,61.0,66.0,52.0
2015-01-12,61.0,66.0,52.0
2015-01-13,61.0,66.0,52.0
2015-01-14,61.0,66.0,52.0
2015-01-15,61.0,66.0,52.0
2015-01-16,61.0,66.0,52.0
2015-01-20,61.0,66.0,52.0
2015-01-21,61.0,66.0,52.0
2015-01-22,61.0,66.0,52.0
2015-01-23,61.0,66.0,52.0
2015-01-26,61.0,66.0,52.0
2015-01-27,61.0,66.0,52.0
2015-01-28,61.0,66.0,52.0
2015-01-29,61.0,66.0,52.0
2015-01-30,61.0,66.0,52.0
2015-02-02,61.0,67.0,52.0
2015-02-03,61.0,67.0,52.0
2015-02-04,61.0,67.0,52.0
2015-02-05,61.0,67.0,52.0
2015-02-06,61.0,67.0,52.0
2015-02-09,61.0,67.0,52.0
2015-02-10,61.0,67.0,52.0
2015-02-11,61.0,67.0,52.0
2015-02-12,61.0,67.0,52.0
2015-02-13,61.0,67.0,52.0
2015-02-17,61.0,67.0,52.0
2015-02-18,61.0,67.0,52.0
2015-02-19,61.0,67.0,52.0
2015-02-20,61.0,67.0,52.0
2015-02-23,61.0,67.0,52.0
2015-02-24,61.0,67.0,52.0
2015-02-25,61.0,67.0,52.0
2015-02-26,61.0,67.0,52.0
2015-02-27,61.0,67.0,52.0
2015-03-02,63.0,66.0,51.0
2015-03-03,63.0,66.0,51.0
2015-03-04,63.0,66.0,51.0
2015-03-05,63.0,66.0,51.0
2015-03-06,63.0,66.0,51.0
2015-03-09,63.0,66.0,51.0
2015-03-10,63.0,66.0,51.0
2015-03-11,63.0,66.0,51.0
2015-03-12,63.0,66.0,51.0
2015-03-13,63.0,66.0,51.0
2015-03-16,63.0,66.0,51.0
2015-03-17,63.0,66.0,51.0
2015-03-18,63.0,66.0,51.0
2015-03-19,63.0,66.0,51.0
2015-03-20,63.0,66.0,51.0
2015-03-23,63.0,66.0,51.0
2015-03-24,63.0,66.0,51.0
2015-03-25,63.0,66.0,51.0
2015-03-26,63.0,66.0,51.0
2015-03-27,63.0,66.0,51.0
2015-03-30,63.0,66.0,51.0
2015-03-31,63.0,66.0,51.0
2015-04-01,63.0,66.0,51.0
2015-04-02,63.0,66.0,51.0
2015-04-06,63.0,66.0,51.0
2015-04-07,63.0,66.0,51.0
2015-04-08,63.0,66.0,51.0
2015-04-09,63.0,66.0,51.0
2015-04-10,63.0,66.0,51.0
2015-04-13,63.0,66.0,51.0
2015-04-14,63.0,66.0,51.0
2015-04-15,63.0,66.0,51.0
2015-04-16,63.0,66.0,51.0
2015-04-17,63.0,66.0,51.0
2015-04-20,63.0,66.0,51.0
2015-04-21,63.0,66.0,51.0
2015-04-22,63.0,66.0,51.0
2015-04-23,63.0,66.0,51.0
2015-04-24,63.0,66.0,51.0
2015-04-27,63.0,66.0,51.0
2015-04-28,63.0,66.0,51.0
2015-04-29,63.0,66.0,51.0
2015-04-30,63.0,66.0,51.0
2015-05-01,63.0,66.0,51.0
2015-05-04,63.0,66.0,51.0
2015-05-05,63.0,66.0,51.0
2015-05-06,63.0,66.0,51.0
2015-05-07,63.0,66.0,51.0
2015-05-08,63.0,66.0,51.0
2015-05-11,63.0,66.0,51.0
2015-05-12,63.0,66.0,51.0
2015-05-13,63.0,66.0,51.0
2015-05-14,63.0,66.0,51.0
2015-05-15,63.0,66.0,51.0
2015-05-18,63.0,66.0,51.0
2015-05-19,63.0,66.0,51.0
2015-05-20,63.0,66.0,51.0
2015-05-21,63.0,66.0,51.0
2015-05-22,63.0,66.0,51.0
2015-05-26,63.0,66.0,51.0
2015-05-27,63.0,66.0,51.0
2015-05-28,63.0,66.0,51.0
2015-05-29,63.0,66.0,51.0
2015-06-01,63.0,66.0,51.0
2015-06-02,63.0,66.0,51.0
2015-06-03,63.0,66.0,51.0
2015-06-04,63.0,66.0,51.0
2015-06-05,63.0,66.0,51.0
2015-06-08,63.0,66.0,51.0
2015-06-09,63.0,66.0,51.0
2015-06-10,63.0,66.0,51.0
2015-06-11,63.0,66.0,51.0
2015-06-12,63.0,66.0,51.0
2015-06-15,63.0,66.0,51.0
2015-06-16,63.0,66.0,51.0
2015-06-17,63.0,66.0,51.0
2015-06-18,63.0,66.0,51.0
2015-06-19,63.0,66.0,51.0
2015-06-22,63.0,66.0,51.0
2015-06-23,63.0,66.0,51.0
2015-06-24,63.0,66.0,51.0
2015-06-25,63.0,66.0,51.0
2015-06-26,63.0,66.0,51.0
2015-06-29,63.0,66.0,51.0
2015-06-30,63.0,66.0,51.0
2015-07-01,63.0,66.0,51.0
2015-07-02,63.0,66.0,51.0
2015-07-06,63.0,66.0,51.0
2015-07-07,63.0,66.0,51.0
2015-07-08,63.0,66.0,51.0
2015-07-09,63.0,66.0,51.0
2015-07-10,63.0,66.0,51.0
2015-07-13,63.0,66.0,51.0
2015-07-14,63.0,66.0,51.0
2015-07-15,63.0,66.0,51.0
2015-07-16,63.0,66.0,51.0
2015-07-17,63.0,66.0,51.0
2015-07-20,63.0,66.0,51.0
2015-07-21,63.0,66.0,51.0
2015-07-22,63.0,66.0,51.0
2015-07-23,63.0,66.0,51.0
2015-07-24,63.0,66.0,51.0
2015-07-27,63.0,66.0,51.0
2015-07-28,63.0,66.0,51.0
2015-07-29,63.0,66.0,51.0
2015-07-30,63.0,66.0,51.0
2015-07-31,63.0,66.0,51.0
2015-08-03,64.0,66.0,51.0
2015-08-04,64.0,66.0,51.0
2015-08-05,64.0,66.0,51.0
2015-08-06,64.0,66.0,51.0
2015-08-07,64.0,66.0,51.0
2015-08-10,64.0,66.0,51.0
2015-08-11,64.0,66.0,51.0
2015-08-12,64.0,66.0,51.0
2015-08-13,64.0,66.0,51.0
2015-08-14,64.0,66.0,51.0
2015-08-17,64.0,66.0,51.0
2015-08-18,64.0,66.0,51.0
2015-08-19,64.0,66.0,51.0
2015-08-20,64.0,66.0,51.0
2015-08-21,64.0,66.0,51.0
2015-08-24,64.0,66.0,51.0
2015-08-25,64.0,66.0,51.0
2015-08-26,64.0,66.0,51.0
2015-08-27,64.0,66.0,51.0
2015-08-28,64.0,66.0,51.0
2015-08-31,64.0,66.0,51.0
2015-09-01,64.0,72.0,51.0
2015-09-02,64.0,72.0,51.0
2015-09-03,64.0,72.0,51.0
2015-09-04,64.0,72.0,51.0
2015-09-08,64.0,72.0,51.0
2015-09-09,64.0,72.0,51.0
2015-09-10,64.0,72.0,51.0
2015-09-11,64.0,72.0,51.0
2015-09-14,64.0,72.0,51.0
2015-09-15,64.0,72.0,51.0
2015-09-16,64.0,72.0,51.0
2015-09-17,64.0,72.0,51.0
2015-09-18,64.0,72.0,51.0
2015-09-21,64.0,72.0,51.0
2015-09-22,64.0,72.0,51.0
2015-09-23,64.0,72.0,51.0
2015-09-24,64.0,72.0,51.0
2015-09-25,64.0,72.0,51.0
2015-09-28,64.0,72.0,51.0
2015-09-29,64.0,72.0,51.0
2015-09-30,64.0,72.0,51.0
2015-10-01,63.0,74.0,51.0
2015-10-02,63.0,74.0,51.0
2015-10-05,63.0,74.0,51.0
2015-10-06,63.0,74.0,51.0
2015-10-07,63.0,74.0,51.0
2015-10-08,63.0,74.0,51.0
2015-10-09,63.0,74.0,51.0
2015-10-12,63.0,74.0,51.0
2015-10-13,63.0,74.0,51.0
2015-10-14,63.0,74.0,51.0
2015-10-15,63.0,74.0,51.0
2015-10-16,63.0,74.0,51.0
2015-10-19,63.0,74.0,51.0
2015-10-20,63.0,74.0,51.0
2015-10-21,63.0,74.0,51.0
2015-10-22,63.0,74.0,51.0
2015-10-23,63.0,74.0,51.0
2015-10-26,63.0,74.0,51.0
2015-10-27,63.0,74.0,51.0
2015-10-28,63.0,74.0,51.0
2015-10-29,63.0,74.0,51.0
2015-10-30,63.0,74.0,51.0
2015-11-02,62.0,73.0,51.0
2015-11-03,62.0,73.0,51.0
2015-11-04,62.0,73.0,51.0
2015-11-05,62.0,73.0,51.0
2015-11-06,62.0,73.0,51.0
2015-11-09,62.0,73.0,51.0
2015-11-10,62.0,73.0,51.0
2015-11-11,62.0,73.0,51.0
2015-11-12,62.0,73.0,51.0
2015-11-13,62.0,73.0,51.0
2015-11-16,62.0,73.0,51.0
2015-11-17,62.0,73.0,51.0
2015-11-18,62.0,73.0,51.0
2015-11-19,62.0,73.0,51.0
2015-11-20,62.0,73.0,51.0
2015-11-23,62.0,73.0,51.0
2015-11-24,62.0,73.0,51.0
2015-11-25,62.0,73.0,51.0
2015-11-27,62.0,73.0,51.0
2015-11-30,62.0,73.0,51.0
2015-12-01,62.0,73.0,51.0
2015-12-02,62.0,73.0,51.0
2015-12-03,62.0,73.0,51.0
2015-12-04,62.0,73.0,51.0
2015-12-07,62.0,73.0,51.0
2015-12-08,62.0,73.0,51.0
2015-12-09,62.0,73.0,51.0
2015-12-10,62.0,73.0,51.0
2015-12-11,62.0,73.0,51.0
2015-12-14,62.0,73.0,51.0
2015-12-15,62.0,73.0,51.0
2015-12-16,62.0,73.0,51.0
2015-12-17,62.0,73.0,51.0
2015-12-18,62.0,73.0,51.0
2015-12-21,62.0,73.0,51.0
2015-12-22,62.0,73.0,51.0
2015-12-23,62.0,73.0,51.0
2015-12-24,62.0,73.0,51.0
2015-12-28,62.0,73.0,51.0
2015-12-29,62.0,73.0,51.0
2015-12-30,62.0,73.0,51.0
2015-12-31,62.0,73.0,51.0
2016-01-04,62.36,72.95,53.1
2016-01-05,62.36,72.95,53.1
2016-01-06,62.36,72.95,53.1
2016-01-07,62.36,72.95,53.1
2016-01-08,62.36,72.95,53.1
2016-01-11,62.36,72.95,53.1
2016-01-12,62.36,72.95,53.1
2016-01-13,62.36,72.95,53.1
2016-01-14,62.36,72.95,53.1
2016-01-15,62.36,72.95,53.1
2016-01-19,62.36,72.95,53.1
2016-01-20,62.36,72.95,53.1
2016-01-21,62.36,72.95,53.1
2016-01-22,62.36,72.95,53.1
2016-01-25,62.36,72.95,53.1
2016-01-26,62.36,72.95,53.1
2016-01-27,62.36,72.95,53.1
2016-01-28,62.36,72.95,53.1
2016-01-29,62.36,72.95,53.1
2016-02-01,62.36,72.95,53.1
2016-02-02,62.36,72.95,53.1
2016-02-03,62.36,72.95,53.1
2016-02-04,62.36,72.95,53.1
2016-02-05,62.36,72.95,53.1
2016-02-08,62.36,72.95,53.1
2016-02-09,62.36,72.95,53.1
2016-02-10,62.36,72.95,53.1
2016-02-11,62.36,72.95,53.1
2016-02-12,62.36,72.95,53.1
2016-02-16,62.36,72.95,53.1
2016-02-17,62.36,72.95,53.1
2016-02-18,62.36,72.95,53.1
2016-02-19,62.36,72.95,53.1
2016-02-22,62.36,72.95,53.1
2016-02-23,62.36,72.95,53.1
2016-02-24,62.36,72.95,53.1
2016-02-25,62.36,72.95,53.1
2016-02-26,62.36,72.95,53.1
2016-02-29,62.36,72.95,53.1
2016-03-01,62.36,72.05,53.1
2016-03-02,62.36,72.05,53.1
2016-03-03,62.36,72.05,53.1
2016-03-04,62.36,72.05,53.1
2016-03-07,62.36,72.05,53.1
2016-03-08,62.36,72.05,53.1
2016-03-09,62.36,72.05,53.1
2016-03-10,62.36,72.05,53.1
2016-03-11,62.36,72.05,53.1
2016-03-14,62.36,72.05,53.1
2016-03-15,62.36,72.05,53.1
2016-03-16,62.36,72.05,53.1
2016-03-17,62.36,72.05,53.1
2016-03-18,62.36,72.05,53.1
2016-03-21,62.36,72.05,53.1
2016-03-22,62.36,72.05,53.1
2016-03-23,62.36,72.05,53.1
2016-03-24,62.36,72.05,53.1
2016-03-28,62.36,72.05,53.1
2016-03-29,62.36,72.05,53.1
2016-03-30,62.36,72.05,53.1
2016-03-31,62.36,72.05,53.1
2016-04-01,62.33,71.03,53.83
2016-04-04,62.33,71.03,53.83
2016-04-05,62.33,71.03,53.83
2016-04-06,62.33,71.03,53.83
2016-04-07,62.33,71.03,53.83
2016-04-08,62.33,71.03,53.83
2016-04-11,62.33,71.03,53.83
2016-04-12,62.33,71.03,53.83
2016-04-13,62.33,71.03,53.83
2016-04-14,62.33,71.03,53.83
2016-04-15,62.33,71.03,53.83
2016-04-18,62.33,71.03,53.83
2016-04-19,62.33,71.03,53.83
2016-04-20,62.33,71.03,53.83
2016-04-21,62.33,71.03,53.83
2016-04-22,62.33,71.03,53.83
2016-04-25,62.33,71.03,53.83
2016-04-26,62.33,71.03,53.83
2016-04-27,62.33,71.03,53.83
2016-04-28,62.33,71.03,53.83
2016-04-29,62.33,71.03,53.83
2016-05-02,62.33,71.03,53.83
2016-05-03,62.33,71.03,53.83
2016-05-04,62.33,71.03,53.83
2016-05-05,62.33,71.03,53.83
2016-05-06,62.33,71.03,53.83
2016-05-09,62.33,71.03,53.83
2016-05-10,62.33,71.03,53.83
2016-05-11,62.33,71.03,53.83
2016-05-12,62.33,71.03,53.83
2016-05-13,62.33,71.03,53.83
2016-05-16,62.33,71.03,53.83
2016-05-17,62.33,71.03,53.83
2016-05-18,62.33,71.03,53.83
2016-05-19,62.33,71.03,53.83
2016-05-20,62.33,71.03,53.83
2016-05-23,62.33,71.03,53.83
2016-05-24,62.33,71.03,53.83
2016-05-25,62.33,71.03,53.83
2016-05-26,62.33,71.03,53.83
2016-05-27,62.33,71.03,53.83
2016-05-31,62.33,71.03,53.83
2016-06-01,62.33,71.03,53.83
2016-06-02,62.33,71.03,53.83
2016-06-03,62.33,71.03,53.83
2016-06-06,62.33,71.03,53.83
2016-06-07,62.33,71.03,53.83
2016-06-08,62.33,71.03,53.83
2016-06-09,62.33,71.03,53.83
2016-06-10,62.33,71.03,53.83
2016-06-13,62.33,71.03,53.83
2016-06-14,62.33,71.03,53.83
2016-06-15,62.33,71.03,53.83
2016-06-16,62.33,71.03,53.83
2016-06-17,62.33,71.03,53.83
2016-06-20,62.33,71.03,53.83
2016-06-21,62.33,71.03,53.83
2016-06-22,62.33,71.03,53.83
2016-06-23,62.33,71.03,53.83
2016-06-24,62.33,71.03,53.83
2016-06-27,62.33,71.03,53.83
2016-06-28,62.33,71.03,53.83
2016-06-29,62.33,71.03,53.83
2016-06-30,62.33,71.03,53.83
2016-07-01,62.33,70.28,53.83
2016-07-05,62.33,70.28,53.83
2016-07-06,62.33,70.28,53.83
2016-07-07,62.33,70.28,53.83
2016-07-08,62.33,70.28,53.83
2016-07-11,62.33,70.28,53.83
2016-07-12,62.33,70.28,53.83
2016-07-13,62.33,70.28,53.83
2016-07-14,62.33,70.28,53.83
2016-07-15,62.33,70.28,53.83
2016-07-18,62.33,70.28,53.83
2016-07-19,62.33,70.28,53.83
2016-07-20,62.33,70.28,53.83
2016-07-21,62.33,70.28,53.83
2016-07-22,62.33,70.28,53.83
2016-07-25,62.33,70.28,53.83
2016-07-26,62.33,70.28,53.83
2016-07-27,62.33,70.28,53.83
2016-07-28,62.33,70.28,53.83
2016-07-29,62.33,70.28,53.83
2016-08-01,62.33,70.28,53.83
2016-08-02,62.33,70.28,53.83
2016-08-03,62.33,70.28,53.83
2016-08-04,62.33,70.28,53.83
2016-08-05,62.33,70.28,53.83
2016-08-08,62.33,70.28,53.83
2016-08-09,62.33,70.28,53.83
2016-08-10,62.33,70.28,53.83
2016-08-11,62.33,70.28,53.83
2016-08-12,62.33,70.28,53.83
2016-08-15,62.33,70.28,53.83
2016-08-16,62.33,70.28,53.83
2016-08-17,62.33,70.28,53.83
2016-08-18,62.33,70.28,53.83
2016-08-19,62.33,70.28,53.83
2016-08-22,62.33,70.28,53.83
2016-08-23,62.33,70.28,53.83
2016-08-24,62.33,70.28,53.83
2016-08-25,62.33,70.28,53.83
2016-08-26,62.33,70.28,53.83
2016-08-29,62.33,70.28,53.83
2016-08-30,62.33,70.28,53.83
2016-08-31,62.33,70.28,53.83
2016-09-01,62.33,71.18,53.83
2016-09-02,62.33,71.18,53.83
2016-09-06,62.33,71.18,53.83
2016-09-07,62.33,71.18,53.83
2016-09-08,62.33,71.18,53.83
2016-09-09,62.33,71.18,53.83
2016-09-12,62.33,71.18,53.83
2016-09-13,62.33,71.18,53.83
2016-09-14,62.33,71.18,53.83
2016-09-15,62.33,71.18,53.83
2016-09-16,62.33,71.18,53.83
2016-09-19,62.33,71.18,53.83
2016-09-20,62.33,71.18,53.83
2016-09-21,62.33,71.18,53.83
2016-09-22,62.33,71.18,53.83
2016-09-23,62.33,71.18,53.83
2016-09-26,62.33,71.18,53.83
2016-09-27,62.33,71.18,53.83
2016-09-28,62.33,71.18,53.83
2016-09-29,62.33,71.18,53.83
2016-09-30,62.33,71.18,53.83
2016-10-03,62.33,71.18,53.83
2016-10-04,62.33,71.18,53.83
2016-10-05,62.33,71.18,53.83
2016-10-06,62.33,71.18,53.83
2016-10-07,62.33,71.18,53.83
2016-10-10,62.33,71.18,53.83
2016-10-11,62.33,71.18,53.83
2016-10-12,62.33,71.18,53.83
2016-10-13,62.33,71.18,53.83
2016-10-14,62.33,71.18,53.83
2016-10-17,62.33,71.18,53.83
2016-10-18,62.33,71.18,53.83
2016-10-19,62.33,71.18,53.83
2016-10-20,62.33,71.18,53.83
2016-10-21,62.33,71.18,53.83
2016-10-24,62.33,71.18,53.83
2016-10-25,62.33,71.18,53.83
2016-10-26,62.33,71.18,53.83
2016-10-27,62.33,71.18,53.83
2016-10-28,62.33,71.18,53.83
2016-10-31,62.33,71.18,53.83
2016-11-01,67.36,71.38,52.15
2016-11-02,67.36,71.38,52.15
2016-11-03,67.36,71.38,52.15
2016-11-04,67.36,71.38,52.15
2016-11-07,67.36,71.38,52.15
2016-11-08,67.36,71.38,52.15
2016-11-09,67.36,71.38,52.15
2016-11-10,67.36,71.38,52.15
2016-11-11,67.36,71.38,52.15
2016-11-14,67.36,71.38,52.15
2016-11-15,67.36,71.38,52.15
2016-11-16,67.36,71.38,52.15
2016-11-17,67.36,71.38,52.15
2016-11-18,67.36,71.38,52.15
2016-11-21,67.36,71.38,52.15
2016-11-22,67.36,71.38,52.15
2016-11-23,67.36,71.38,52.15
2016-11-25,67.36,71.38,52.15
2016-11-28,67.36,71.38,52.15
2016-11-29,67.36,71.38,52.15
2016-11-30,67.36,71.38,52.15
2016-12-01,67.36,71.38,52.15
2016-12-02,67.36,71.38,52.15
2016-12-05,67.36,71.38,52.15
2016-12-06,67.36,71.38,52.15
2016-12-07,67.36,71.38,52.15
2016-12-08,67.36,71.38,52.15
2016-12-09,67.36,71.38,52.15
2016-12-12,67.36,71.38,52.15
2016-12-13,67.36,71.38,52.15
2016-12-14,67.36,71.38,52.15
2016-12-15,67.36,71.38,52.15
2016-12-16,67.36,71.38,52.15
2016-12-19,67.36,71.38,52.15
2016-12-20,67.36,71.38,52.15
2016-12-21,67.36,71.38,52.15
2016-12-22,67.36,71.38,52.15
2016-12-23,67.36,71.38,52.15
2016-12-27,67.36,71.38,52.15
2016-12-28,67.36,71.38,52.15
2016-12-29,67.36,71.38,52.15
2016-12-30,67.36,71.38,52.15
2017-01-03,67.28,71.49,52.03
2017-01-04,67.28,71.49,52.03
2017-01-05,67.28,71.49,52.03
2017-01-06,67.28,71.49,52.03
2017-01-09,67.28,71.49,52.03
2017-01-10,67.28,71.49,52.03
2017-01-11,67.28,71.49,52.03
2017-01-12,67.28,71.49,52.03
2017-01-13,67.28,71.49,52.03
2017-01-17,67.28,71.49,52.03
2017-01-18,67.28,71.49,52.03
2017-01-19,67.28,71.49,52.03
2017-01-20,67.28,71.49,52.03
2017-01-23,67.28,71.49,52.03
2017-01-24,67.28,71.49,52.03
2017-01-25,67.28,71.49,52.03
2017-01-26,67.28,71.49,52.03
2017-01-27,67.28,71.49,52.03
2017-01-30,67.28,71.49,52.03
2017-01-31,67.28,71.49,52.03
2017-02-01,67.28,71.49,52.03
2017-02-02,67.28,71.49,52.03
2017-02-03,67.28,71.49,52.03
2017-02-06,67.28,71.49,52.03
2017-02-07,67.28,71.49,52.03
2017-02-08,67.28,71.49,52.03
2017-02-09,67.28,71.49,52.03
2017-02-10,67.28,71.49,52.03
2017-02-13,67.28,71.49,52.03
2017-02-14,67.28,71.49,52.03
2017-02-15,67.28,71.49,52.03
2017-02-16,67.28,71.49,52.03
2017-02-17,67.28,71.49,52.03
2017-02-21,67.28,71.49,52.03
2017-02-22,67.28,71.49,52.03
2017-02-23,67.28,71.49,52.03
2017-02-24,67.28,71.49,52.03
2017-02-27,67.28,71.49,52.03
2017-02-28,67.28,71.49,52.03
2017-03-01,67.28,71.49,52.03
2017-03-02,67.28,71.49,52.03
2017-03-03,67.28,71.49,52.03
2017-03-06,67.28,71.49,52.03
2017-03-07,67.28,71.49,52.03
2017-03-08,67.28,71.49,52.03
2017-03-09,67.28,71.49,52.03
2017-03-10,67.28,71.49,52.03
2017-03-13,67.28,71.49,52.03
2017-03-14,67.28,71.49,52.03
2017-03-15,67.28,71.49,52.03
2017-03-16,67.28,71.49,52.03
2017-03-17,67.28,71.49,52.03
2017-03-20,67.28,71.49,52.03
2017-03-21,67.28,71.49,52.03
2017-03-22,67.28,71.49,52.03
2017-03-23,67.28,71.49,52.03
2017-03-24,67.28,71.49,52.03
2017-03-27,67.28,71.49,52.03
2017-03-28,67.28,71.49,52.03
2017-03-29,67.28,71.49,52.03
2017-03-30,67.28,71.49,52.03
2017-03-31,67.28,71.49,52.03
2017-04-03,67.28,71.49,51.39
2017-04-04,67.28,71.49,51.39
2017-04-05,67.28,71.49,51.39
2017-04-06,67.28,71.49,51.39
2017-04-07,67.28,71.49,51.39
2017-04-10,67.28,71.49,51.39
2017-04-11,67.28,71.49,51.39
2017-04-12,67.28,71.49,51.39
2017-04-13,67.28,71.49,51.39
2017-04-17,67.28,71.49,51.39
2017-04-18,67.28,71.49,51.39
2017-04-19,67.28,71.49,51.39
2017-04-20,67.28,71.49,51.39
2017-04-21,67.28,71.49,51.39
2017-04-24,67.28,71.49,51.39
2017-04-25,67.28,71.49,51.39
2017-04-26,67.28,71.49,51.39
2017-04-27,67.28,71.49,51.39
2017-04-28,67.28,71.49,51.39
2017-05-01,67.28,71.74,51.39
2017-05-02,67.28,71.74,51.39
2017-05-03,67.28,71.74,51.39
2017-05-04,67.28,71.74,51.39
2017-05-05,67.28,71.74,51.39
2017-05-08,67.28,71.74,51.39
2017-05-09,67.28,71.74,51.39
2017-05-10,67.28,71.74,51.39
2017-05-11,67.28,71.74,51.39
2017-05-12,67.28,71.74,51.39
2017-05-15,67.28,71.74,51.39
2017-05-16,67.28,71.74,51.39
2017-05-17,67.28,71.74,51.39
2017-05-18,67.28,71.74,51.39
2017-05-19,67.28,71.74,51.39
2017-05-22,67.28,71.74,51.39
2017-05-23,67.28,71.74,51.39
2017-05-24,67.28,71.74,51.39
2017-05-25,67.28,71.74,51.39
2017-05-26,67.28,71.74,51.39
2017-05-30,67.28,71.74,51.39
2017-05-31,67.28,71.74,51.39
2017-06-01,67.19,71.74,51.39
2017-06-02,67.19,71.74,51.39
2017-06-05,67.19,71.74,51.39
2017-06-06,67.19,71.74,51.39
2017-06-07,67.19,71.74,51.39
2017-06-08,67.19,71.74,51.39
2017-06-09,67.19,71.74,51.39
2017-06-12,67.19,71.74,51.39
2017-06-13,67.19,71.74,51.39
2017-06-14,67.19,71.74,51.39
2017-06-15,67.19,71.74,51.39
2017-06-16,67.19,71.74,51.39
2017-06-19,67.19,71.74,51.39
2017-06-20,67.19,71.74,51.39
2017-06-21,67.19,71.74,51.39
2017-06-22,67.19,71.74,51.39
2017-06-23,67.19,71.74,51.39
2017-06-26,67.19,71.74,51.39
2017-06-27,67.19,71.74,51.39
2017-06-28,67.19,71.74,51.39
2017-06-29,67.19,71.74,51.39
2017-06-30,67.19,71.74,51.39
2017-07-03,67.28,71.74,51.39
2017-07-05,67.28,71.74,51.39
2017-07-06,67.28,71.74,51.39
2017-07-07,67.28,71.74,51.39
2017-07-10,67.28,71.74,51.39
2017-07-11,67.28,71.74,51.39
2017-07-12,67.28,71.74,51.39
2017-07-13,67.28,71.74,51.39
2017-07-14,67.28,71.74,51.39
2017-07-17,67.28,71.74,51.39
2017-07-18,67.28,71.74,51.39
2017-07-19,67.28,71.74,51.39
2017-07-20,67.28,71.74,51.39
2017-07-21,67.28,71.74,51.39
2017-07-24,67.28,71.74,51.39
2017-07-25,67.28,71.74,51.39
2017-07-26,67.28,71.74,51.39
2017-07-27,67.28,71.74,51.39
2017-07-28,67.28,71.74,51.39
2017-07-31,67.28,71.74,51.39
2017-08-01,67.19,71.17,51.39
2017-08-02,67.19,71.17,51.39
2017-08-03,67.19,71.17,51.39
2017-08-04,67.19,71.17,51.39
2017-08-07,67.19,71.17,51.39
2017-08-08,67.19,71.17,51.39
2017-08-09,67.19,71.17,51.39
2017-08-10,67.19,71.17,51.39
2017-08-11,67.19,71.17,51.39
2017-08-14,67.19,71.17,51.39
2017-08-15,67.19,71.17,51.39
2017-08-16,67.19,71.17,51.39
2017-08-17,67.19,71.17,51.39
2017-08-18,67.19,71.17,51.39
2017-08-21,67.19,71.17,51.39
2017-08-22,67.19,71.17,51.39
2017-08-23,67.19,71.17,51.39
2017-08-24,67.19,71.17,51.39
2017-08-25,67.19,71.17,51.39
2017-08-28,67.19,71.17,51.39
2017-08-29,67.19,71.17,51.39
2017-08-30,67.19,71.17,51.39
2017-08-31,67.19,71.17,51.39
2017-09-01,67.19,71.17,51.39
2017-09-05,67.19,71.17,51.39
2017-09-06,67.19,71.17,51.39
2017-09-07,67.19,71.17,51.39
2017-09-08,67.19,71.17,51.39
2017-09-11,67.19,71.17,51.39
2017-09-12,67.19,71.17,51.39
2017-09-13,67.19,71.17,51.39
2017-09-14,67.19,71.17,51.39
2017-09-15,67.19,71.17,51.39
2017-09-18,67.19,71.17,51.39
2017-09-19,67.19,71.17,51.39
2017-09-20,67.19,71.17,51.39
2017-09-21,67.19,71.17,51.39
2017-09-22,67.19,71.17,51.39
2017-09-25,67.19,71.17,51.39
2017-09-26,67.19,71.17,51.39
2017-09-27,67.19,71.17,51.39
2017-09-28,67.19,71.17,51.39
2017-09-29,67.19,71.17,51.39
2017-10-02,67.4,71.21,50.79
2017-10-03,67.4,71.21,50.79
2017-10-04,67.4,71.21,50.79
2017-10-05,67.4,71.21,50.79
2017-10-06,67.4,71.21,50.79
2017-10-09,67.4,71.21,50.79
2017-10-10,67.4,71.21,50.79
2017-10-11,67.4,71.21,50.79
2017-10-12,67.4,71.21,50.79
2017-10-13,67.4,71.21,50.79
2017-10-16,67.4,71.21,50.79
2017-10-17,67.4,71.21,50.79
2017-10-18,67.4,71.21,50.79
2017-10-19,67.4,71.21,50.79
2017-10-20,67.4,71.21,50.79
2017-10-23,67.4,71.21,50.79
2017-10-24,67.4,71.21,50.79
2017-10-25,67.4,71.21,50.79
2017-10-26,67.4,71.21,50.79
2017-10-27,67.4,71.21,50.79
2017-10-30,67.4,71.21,50.79
2017-10-31,67.4,71.21,50.79
2017-11-01,67.4,71.21,50.79
2017-11-02,67.4,71.21,50.79
2017-11-03,67.4,71.21,50.79
2017-11-06,67.4,71.21,50.79
2017-11-07,67.4,71.21,50.79
2017-11-08,67.4,71.21,50.79
2017-11-09,67.4,71.21,50.79
2017-11-10,67.4,71.21,50.79
2017-11-13,67.4,71.21,50.79
2017-11-14,67.4,71.21,50.79
2017-11-15,67.4,71.21,50.79
2017-11-16,67.4,71.21,50.79
2017-11-17,67.4,71.21,50.79
2017-11-20,67.4,71.21,50.79
2017-11-21,67.4,71.21,50.79
2017-11-22,67.4,71.21,50.79
2017-11-24,67.4,71.21,50.79
2017-11-27,67.4,71.21,50.79
2017-11-28,67.4,71.21,50.79
2017-11-29,67.4,71.21,50.79
2017-11-30,67.4,71.21,50.79
2017-12-01,67.4,74.16,50.79
2017-12-04,67.4,74.16,50.79
2017-12-05,67.4,74.16,50.79
2017-12-06,67.4,74.16,50.79
2017-12-07,67.4,74.16,50.79
2017-12-08,67.4,74.16,50.79
2017-12-11,67.4,74.16,50.79
2017-12-12,67.4,74.16,50.79
2017-12-13,67.4,74.16,50.79
2017-12-14,67.4,74.16,50.79
2017-12-15,67.4,74.16,50.79
2017-12-18,67.4,74.16,50.79
2017-12-19,67.4,74.16,50.79
2017-12-20,67.4,74.16,50.79
2017-12-21,67.4,74.16,50.79
2017-12-22,67.4,74.16,50.79
2017-12-26,67.4,74.16,50.79
2017-12-27,67.4,74.16,50.79
2017-12-28,67.4,74.16,50.79
2017-12-29,67.4,74.16,50.79
2018-01-02,68.54,74.16,54.8
2018-01-03,68.54,74.16,54.8
2018-01-04,68.54,74.16,54.8
2018-01-05,68.54,74.16,54.8
2018-01-08,68.54,74.16,54.8
2018-01-09,68.54,74.16,54.8
2018-01-10,68.54,74.16,54.8
2018-01-11,68.54,74.16,54.8
2018-01-12,68.54,74.16,54.8
2018-01-16,68.54,74.16,54.8
2018-01-17,68.54,74.16,54.8
2018-01-18,68.54,74.16,54.8
2018-01-19,68.54,74.16,54.8
2018-01-22,68.54,74.16,54.8
2018-01-23,68.54,74.16,54.8
2018-01-24,68.54,74.16,54.8
2018-01-25,68.54,74.16,54.8
2018-01-26,68.54,74.16,54.8
2018-01-29,68.54,74.16,54.8
2018-01-30,68.54,74.16,54.8
2018-01-31,68.54,74.16,54.8
2018-02-01,68.54,74.16,54.4
2018-02-02,68.54,74.16,54.4
2018-02-05,68.54,74.16,54.4
2018-02-06,68.54,74.16,54.4
2018-02-07,68.54,74.16,54.4
2018-02-08,68.54,74.16,54.4
2018-02-09,68.54,74.16,54.4
2018-02-12,68.54,74.16,54.4
2018-02-13,68.54,74.16,54.4
2018-02-14,68.54,74.16,54.4
2018-02-15,68.54,74.16,54.4
2018-02-16,68.54,74.16,54.4
2018-02-20,68.54,74.16,54.4
2018-02-21,68.54,74.16,54.4
2018-02-22,68.54,74.16,54.4
2018-02-23,68.54,74.16,54.4
2018-02-26,68.54,74.16,54.4
2018-02-27,68.54,74.16,54.4
2018-02-28,68.54,74.16,54.4
2018-03-01,68.54,74.16,54.36
2018-03-02,68.54,74.16,54.36
2018-03-05,68.54,74.16,54.36
2018-03-06,68.54,74.16,54.36
2018-03-07,68.54,74.16,54.36
2018-03-08,68.54,74.16,54.36
2018-03-09,68.54,74.16,54.36
2018-03-12,68.54,74.16,54.36
2018-03-13,68.54,74.16,54.36
2018-03-14,68.54,74.16,54.36
2018-03-15,68.54,74.16,54.36
2018-03-16,68.54,74.16,54.36
2018-03-19,68.54,74.16,54.36
2018-03-20,68.54,74.16,54.36
2018-03-21,68.54,74.16,54.36
2018-03-22,68.54,74.16,54.36
2018-03-23,68.54,74.16,54.36
2018-03-26,68.54,74.16,54.36
2018-03-27,68.54,74.16,54.36
2018-03-28,68.54,74.16,54.36
2018-03-29,68.54,74.16,54.36
2018-04-02,68.54,74.16,54.36
2018-04-03,68.54,74.16,54.36
2018-04-04,68.54,74.16,54.36
2018-04-05,68.54,74.16,54.36
2018-04-06,68.54,74.16,54.36
2018-04-09,68.54,74.16,54.36
2018-04-10,68.54,74.16,54.36
2018-04-11,68.54,74.16,54.36
2018-04-12,68.54,74.16,54.36
2018-04-13,68.54,74.16,54.36
2018-04-16,68.54,74.16,54.36
2018-04-17,68.54,74.16,54.36
2018-04-18,68.54,74.16,54.36
2018-04-19,68.54,74.16,54.36
2018-04-20,68.54,74.16,54.36
2018-04-23,68.54,74.16,54.36
2018-04-24,68.54,74.16,54.36
2018-04-25,68.54,74.16,54.36
2018-04-26,68.54,74.16,54.36
2018-04-27,68.54,74.16,54.36
2018-04-30,68.54,74.16,54.36
2018-05-01,68.54,74.16,54.36
2018-05-02,68.54,74.16,54.36
2018-05-03,68.54,74.16,54.36
2018-05-04,68.54,74.16,54.36
2018-05-07,68.54,74.16,54.36
2018-05-08,68.54,74.16,54.36
2018-05-09,68.54,74.16,54.36
2018-05-10,68.54,74.16,54.36
2018-05-11,68.54,74.16,54.36
2018-05-14,68.54,74.16,54.36
2018-05-15,68.54,74.16,54.36
2018-05-16,68.54,74.16,54.36
2018-05-17,68.54,74.16,54.36
2018-05-18,68.54,74.16,54.36
2018-05-21,68.54,74.16,54.36
2018-05-22,68.54,74.16,54.36
2018-05-23,68.54,74.16,54.36
2018-05-24,68.54,74.16,54.36
2018-05-25,68.54,74.16,54.36
2018-05-29,68.54,74.16,54.36
2018-05-30,68.54,74.16,54.36
2018-05-31,68.54,74.16,54.36
2018-06-01,68.54,74.16,54.36
2018-06-04,68.54,74.16,54.36
2018-06-05,68.54,74.16,54.36
2018-06-06,68.54,74.16,54.36
2018-06-07,68.54,74.16,54.36
2018-06-08,68.54,74.16,54.36
2018-06-11,68.54,74.16,54.36
2018-06-12,68.54,74.16,54.36
2018-06-13,68.54,74.16,54.36
2018-06-14,68.54,74.16,54.36
2018-06-15,68.54,74.16,54.36
2018-06-18,68.54,74.16,54.36
2018-06-19,68.54,74.16,54.36
2018-06-20,68.54,74.16,54.36
2018-06-21,68.54,74.16,54.36
2018-06-22,68.54,74.16,54.36
2018-06-25,68.54,74.16,54.36
2018-06-26,68.54,74.16,54.36
2018-06-27,68.54,74.16,54.36
2018-06-28,68.54,74.16,54.36
2018-06-29,68.54,74.16,54.36
2018-07-02,68.54,74.16,54.36
2018-07-03,68.54,74.16,54.36
2018-07-05,68.54,74.16,54.36
2018-07-06,68.54,74.16,54.36
2018-07-09,68.54,74.16,54.36
2018-07-10,68.54,74.16,54.36
2018-07-11,68.54,74.16,54.36
2018-07-12,68.54,74.16,54.36
2018-07-13,68.54,74.16,54.36
2018-07-16,68.54,74.16,54.36
2018-07-17,68.54,74.16,54.36
2018-07-18,68.54,74.16,54.36
2018-07-19,68.54,74.16,54.36
2018-07-20,68.54,74.16,54.36
2018-07-23,68.54,74.16,54.36
2018-07-24,68.54,74.16,54.36
2018-07-25,68.54,74.16,54.36
2018-07-26,68.54,74.16,54.36
2018-07-27,68.54,74.16,54.36
2018-07-30,68.54,74.16,54.36
2018-07-31,68.54,74.16,54.36
2018-08-01,69.33,74.16,54.86
2018-08-02,69.33,74.16,54.86
2018-08-03,69.33,74.16,54.86
2018-08-06,69.33,74.16,54.86
2018-08-07,69.33,74.16,54.86
2018-08-08,69.33,74.16,54.86
2018-08-09,69.33,74.16,54.86
2018-08-10,69.33,74.16,54.86
2018-08-13,69.33,74.16,54.86
2018-08-14,69.33,74.16,54.86
2018-08-15,69.33,74.16,54.86
2018-08-16,69.33,74.16,54.86
2018-08-17,69.33,74.16,54.86
2018-08-20,69.33,74.16,54.86
2018-08-21,69.33,74.16,54.86
2018-08-22,69.33,74.16,54.86
2018-08-23,69.33,74.16,54.86
2018-08-24,69.33,74.16,54.86
2018-08-27,69.33,74.16,54.86
2018-08-28,69.33,74.16,54.86
2018-08-29,69.33,74.16,54.86
2018-08-30,69.33,74.16,54.86
2018-08-31,69.33,74.16,54.86
2018-09-04,69.33,74.16,54.86
2018-09-05,69.33,74.16,54.86
2018-09-06,69.33,74.16,54.86
2018-09-07,69.33,74.16,54.86
2018-09-10,69.33,74.16,54.86
2018-09-11,69.33,74.16,54.86
2018-09-12,69.33,74.16,54.86
2018-09-13,69.33,74.16,54.86
2018-09-14,69.33,74.16,54.86
2018-09-17,69.33,74.16,54.86
2018-09-18,69.33,74.16,54.86
2018-09-19,69.33,74.16,54.86
2018-09-20,69.33,74.16,54.86
2018-09-21,69.33,74.16,54.86
2018-09-24,69.33,74.16,54.86
2018-09-25,69.33,74.16,54.86
2018-09-26,69.33,74.16,54.86
2018-09-27,69.33,74.16,54.86
2018-09-28,69.33,74.16,54.86
2018-10-01,69.33,73.92,54.86
2018-10-02,69.33,73.92,54.86
2018-10-03,69.33,73.92,54.86
2018-10-04,69.33,73.92,54.86
2018-10-05,69.33,73.92,54.86
2018-10-08,69.33,73.92,54.86
2018-10-09,69.33,73.92,54.86
2018-10-10,69.33,73.92,54.86
2018-10-11,69.33,73.92,54.86
2018-10-12,69.33,73.92,54.86
2018-10-15,69.33,73.92,54.86
2018-10-16,69.33,73.92,54.86
2018-10-17,69.33,73.92,54.86
2018-10-18,69.33,73.92,54.86
2018-10-19,69.33,73.92,54.86
2018-10-22,69.33,73.92,54.86
2018-10-23,69.33,73.92,54.86
2018-10-24,69.33,73.92,54.86
2018-10-25,69.33,73.92,54.86
2018-10-26,69.33,73.92,54.86
2018-10-29,69.33,73.92,54.86
2018-10-30,69.33,73.92,54.86
2018-10-31,69.33,73.92,54.86
2018-11-01,70.63,74.15,54.86
2018-11-02,70.63,74.15,54.86
2018-11-05,70.63,74.15,54.86
2018-11-06,70.63,74.15,54.86
2018-11-07,70.63,74.15,54.86
2018-11-08,70.63,74.15,54.86
2018-11-09,70.63,74.15,54.86
2018-11-12,70.63,74.15,54.86
2018-11-13,70.63,74.15,54.86
2018-11-14,70.63,74.15,54.86
2018-11-15,70.63,74.15,54.86
2018-11-16,70.63,74.15,54.86
2018-11-19,70.63,74.15,54.86
2018-11-20,70.63,74.15,54.86
2018-11-21,70.63,74.15,54.86
2018-11-23,70.63,74.15,54.86
2018-11-26,70.63,74.15,54.86
2018-11-27,70.63,74.15,54.86
2018-11-28,70.63,74.15,54.86
2018-11-29,70.63,74.15,54.86
2018-11-30,70.63,74.15,54.86
2018-12-03,70.63,74.15,54.86
2018-12-04,70.63,74.15,54.86
2018-12-06,70.63,74.15,54.86
2018-12-07,70.63,74.15,54.86
2018-12-10,70.63,74.15,54.86
2018-12-11,70.63,74.15,54.86
2018-12-12,70.63,74.15,54.86
2018-12-13,70.63,74.15,54.86
2018-12-14,70.63,74.15,54.86
2018-12-17,70.63,74.15,54.86
2018-12-18,70.63,74.15,54.86
2018-12-19,70.63,74.15,54.86
2018-12-20,70.63,74.15,54.86
2018-12-21,70.63,74.15,54.86
2018-12-24,70.63,74.15,54.86
2018-12-26,70.63,74.15,54.86
2018-12-27,70.63,74.15,54.86
2018-12-28,70.63,74.15,54.86
2018-12-31,70.63,74.15,54.86
2019-01-02,70.63,74.15,54.86
2019-01-03,70.63,74.15,54.86
2019-01-04,70.63,74.15,54.86
2019-01-07,70.63,74.15,54.86
2019-01-08,70.63,74.15,54.86
2019-01-09,70.63,74.15,54.86
2019-01-10,70.63,74.15,54.86
2019-01-11,70.63,74.15,54.86
2019-01-14,70.63,74.15,54.86
2019-01-15,70.63,74.15,54.86
2019-01-16,70.63,74.15,54.86
2019-01-17,70.63,74.15,54.86
2019-01-18,70.63,74.15,54.86
2019-01-22,70.63,74.15,54.86
2019-01-23,70.63,74.15,54.86
2019-01-24,70.63,74.15,54.86
2019-01-25,70.63,74.15,54.86
2019-01-28,70.63,74.15,54.86
2019-01-29,70.63,74.15,54.86
2019-01-30,70.63,74.15,54.86
2019-01-31,70.63,74.15,54.86
2019-02-01,70.63,74.15,54.86
2019-02-04,70.63,74.15,54.86
2019-02-05,70.63,74.15,54.86
2019-02-06,70.63,74.15,54.86
2019-02-07,70.63,74.15,54.86
2019-02-08,70.63,74.15,54.86
2019-02-11,70.63,74.15,54.86
2019-02-12,70.63,74.15,54.86
2019-02-13,70.63,74.15,54.86
2019-02-14,70.63,74.15,54.86
2019-02-15,70.63,74.15,54.86
2019-02-19,70.63,74.15,54.86
2019-02-20,70.63,74.15,54.86
2019-02-21,70.63,74.15,54.86
2019-02-22,70.63,74.15,54.86
2019-02-25,70.63,74.15,54.86
2019-02-26,70.63,74.15,54.86
2019-02-27,70.63,74.15,54.86
2019-02-28,70.63,74.15,54.86
2019-03-01,70.34,74.15,54.52
2019-03-04,70.34,74.15,54.52
2019-03-05,70.34,74.15,54.52
2019-03-06,70.34,74.15,54.52
2019-03-07,70.34,74.15,54.52
2019-03-08,70.34,74.15,54.52
2019-03-11,70.34,74.15,54.52
2019-03-12,70.34,74.15,54.52
2019-03-13,70.34,74.15,54.52
2019-03-14,70.34,74.15,54.52
2019-03-15,70.34,74.15,54.52
2019-03-18,70.34,74.15,54.52
2019-03-19,70.34,74.15,54.52
2019-03-20,70.34,74.15,54.52
2019-03-21,70.34,74.15,54.52
2019-03-22,70.34,74.15,54.52
2019-03-25,70.34,74.15,54.52
2019-03-26,70.34,74.15,54.52
2019-03-27,70.34,74.15,54.52
2019-03-28,70.34,74.15,54.52
2019-03-29,70.34,74.15,54.52
2019-04-01,70.34,74.15,55.0
2019-04-02,70.34,74.15,55.0
2019-04-03,70.34,74.15,55.0
2019-04-04,70.34,74.15,55.0
2019-04-05,70.34,74.15,55.0
2019-04-08,70.34,74.15,55.0
2019-04-09,70.34,74.15,55.0
2019-04-10,70.34,74.15,55.0
2019-04-11,70.34,74.15,55.0
2019-04-12,70.34,74.15,55.0
2019-04-15,70.34,74.15,55.0
2019-04-16,70.34,74.15,55.0
2019-04-17,70.34,74.15,55.0
2019-04-18,70.34,74.15,55.0
2019-04-22,70.34,74.15,55.0
2019-04-23,70.34,74.15,55.0
2019-04-24,70.34,74.15,55.0
2019-04-25,70.34,74.15,55.0
2019-04-26,70.34,74.15,55.0
2019-04-29,70.34,74.15,55.0
2019-04-30,70.34,74.15,55.0
2019-05-01,70.34,74.15,55.0
2019-05-02,70.34,74.15,55.0
2019-05-03,70.34,74.15,55.0
2019-05-06,70.34,74.15,55.0
2019-05-07,70.34,74.15,55.0
2019-05-08,70.34,74.15,55.0
2019-05-09,70.34,74.15,55.0
2019-05-10,70.34,74.15,55.0
2019-05-13,70.34,74.15,55.0
2019-05-14,70.34,74.15,55.0
2019-05-15,70.34,74.15,55.0
2019-05-16,70.34,74.15,55.0
2019-05-17,70.34,74.15,55.0
2019-05-20,70.34,74.15,55.0
2019-05-21,70.34,74.15,55.0
2019-05-22,70.34,74.15,55.0
2019-05-23,70.34,74.15,55.0
2019-05-24,70.34,74.15,55.0
2019-05-28,70.34,74.15,55.0
2019-05-29,70.34,74.15,55.0
2019-05-30,70.34,74.15,55.0
2019-05-31,70.34,74.15,55.0
2019-06-03,70.4,74.15,55.99
2019-06-04,70.4,74.15,55.99
2019-06-05,70.4,74.15,55.99
2019-06-06,70.4,74.15,55.99
2019-06-07,70.4,74.15,55.99
2019-06-10,70.4,74.15,55.99
2019-06-11,70.4,74.15,55.99
2019-06-12,70.4,74.15,55.99
2019-06-13,70.4,74.15,55.99
2019-06-14,70.4,74.15,55.99
2019-06-17,70.4,74.15,55.99
2019-06-18,70.4,74.15,55.99
2019-06-19,70.4,74.15,55.99
2019-06-20,70.4,74.15,55.99
2019-06-21,70.4,74.15,55.99
2019-06-24,70.4,74.15,55.99
2019-06-25,70.4,74.15,55.99
2019-06-26,70.4,74.15,55.99
2019-06-27,70.4,74.15,55.99
2019-06-28,70.4,74.15,55.99
2019-07-01,70.4,74.55,55.99
2019-07-02,70.4,74.55,55.99
2019-07-03,70.4,74.55,55.99
2019-07-05,70.4,74.55,55.99
2019-07-08,70.4,74.55,55.99
2019-07-09,70.4,74.55,55.99
2019-07-10,70.4,74.55,55.99
2019-07-11,70.4,74.55,55.99
2019-07-12,70.4,74.55,55.99
2019-07-15,70.4,74.55,55.99
2019-07-16,70.4,74.55,55.99
2019-07-17,70.4,74.55,55.99
2019-07-18,70.4,74.55,55.99
2019-07-19,70.4,74.55,55.99
2019-07-22,70.4,74.55,55.99
2019-07-23,70.4,74.55,55.99
2019-07-24,70.4,74.55,55.99
2019-07-25,70.4,74.55,55.99
2019-07-26,70.4,74.55,55.99
2019-07-29,70.4,74.55,55.99
2019-07-30,70.4,74.55,55.99
2019-07-31,70.4,74.55,55.99
2019-08-01,70.28,74.55,55.0
2019-08-02,70.28,74.55,55.0
2019-08-05,70.28,74.55,55.0
2019-08-06,70.28,74.55,55.0
2019-08-07,70.28,74.55,55.0
2019-08-08,70.28,74.55,55.0
2019-08-09,70.28,74.55,55.0
2019-08-12,70.28,74.55,55.0
2019-08-13,70.28,74.55,55.0
2019-08-14,70.28,74.55,55.0
2019-08-15,70.28,74.55,55.0
2019-08-16,70.28,74.55,55.0
2019-08-19,70.28,74.55,55.0
2019-08-20,70.28,74.55,55.0
2019-08-21,70.28,74.55,55.0
2019-08-22,70.28,74.55,55.0
2019-08-23,70.28,74.55,55.0
2019-08-26,70.28,74.55,55.0
2019-08-27,70.28,74.55,55.0
2019-08-28,70.28,74.55,55.0
2019-08-29,70.28,74.55,55.0
2019-08-30,70.28,74.55,55.0
2019-09-03,72.27,74.65,55.1
2019-09-04,72.27,74.65,55.1
2019-09-05,72.27,74.65,55.1
2019-09-06,72.27,74.65,55.1
2019-09-09,72.27,74.65,55.1
2019-09-10,72.27,74.65,55.1
2019-09-11,72.27,74.65,55.1
2019-09-12,72.27,74.65,55.1
2019-09-13,72.27,74.65,55.1
2019-09-16,72.27,74.65,55.1
2019-09-17,72.27,74.65,55.1
2019-09-18,72.27,74.65,55.1
2019-09-19,72.27,74.65,55.1
2019-09-20,72.27,74.65,55.1
2019-09-23,72.27,74.65,55.1
2019-09-24,72.27,74.65,55.1
2019-09-25,72.27,74.65,55.1
2019-09-26,72.27,74.65,55.1
2019-09-27,72.27,74.65,55.1
2019-09-30,72.27,74.65,55.1
2019-10-01,72.27,74.65,55.06
2019-10-02,72.27,74.65,55.06
2019-10-03,72.27,74.65,55.06
2019-10-04,72.27,74.65,55.06
2019-10-07,72.27,74.65,55.06
2019-10-08,72.27,74.65,55.06
2019-10-09,72.27,74.65,55.06
2019-10-10,72.27,74.65,55.06
2019-10-11,72.27,74.65,55.06
2019-10-14,72.27,74.65,55.06
2019-10-15,72.27,74.65,55.06
2019-10-16,72.27,74.65,55.06
2019-10-17,72.27,74.65,55.06
2019-10-18,72.27,74.65,55.06
2019-10-21,72.27,74.65,55.06
2019-10-22,72.27,74.65,55.06
2019-10-23,72.27,74.65,55.06
2019-10-24,72.27,74.65,55.06
2019-10-25,72.27,74.65,55.06
2019-10-28,72.27,74.65,55.06
2019-10-29,72.27,74.65,55.06
2019-10-30,72.27,74.65,55.06
2019-10-31,72.27,74.65,55.06
2019-11-01,72.27,74.8,56.92
2019-11-04,72.27,74.8,56.92
2019-11-05,72.27,74.8,56.92
2019-11-06,72.27,74.8,56.92
2019-11-07,72.27,74.8,56.92
2019-11-08,72.27,74.8,56.92
2019-11-11,72.27,74.8,56.92
2019-11-12,72.27,74.8,56.92
2019-11-13,72.27,74.8,56.92
2019-11-14,72.27,74.8,56.92
2019-11-15,72.27,74.8,56.92
2019-11-18,72.27,74.8,56.92
2019-11-19,72.27,74.8,56.92
2019-11-20,72.27,74.8,56.92
2019-11-21,72.27,74.8,56.92
2019-11-22,72.27,74.8,56.92
2019-11-25,72.27,74.8,56.92
2019-11-26,72.27,74.8,56.92
2019-11-27,72.27,74.8,56.92
2019-11-29,72.27,74.8,56.92
2019-12-02,23.6,15.35,32.72
2019-12-03,23.6,15.35,32.72
2019-12-04,23.6,15.35,32.72
2019-12-05,23.6,15.35,32.72
2019-12-06,23.6,15.35,32.72
2019-12-09,23.6,15.35,32.72
2019-12-10,23.6,15.35,32.72
2019-12-11,23.6,15.35,32.72
2019-12-12,23.6,15.35,32.72
2019-12-13,23.6,15.35,32.72
2019-12-16,23.6,15.35,32.72
2019-12-17,23.6,15.35,32.72
2019-12-18,23.6,15.35,32.72
2019-12-19,23.6,15.35,32.72
2019-12-20,23.6,15.35,32.72
2019-12-23,23.6,15.35,32.72
2019-12-24,23.6,15.35,32.72
2019-12-26,23.6,15.35,32.72
2019-12-27,23.6,15.35,32.72
2019-12-30,23.6,15.35,32.72
2019-12-31,23.6,15.35,32.72
2020-01-02,23.82,15.35,32.72
2020-01-03,23.82,15.35,32.72
2020-01-06,23.82,15.35,32.72
2020-01-07,23.82,15.35,32.72
2020-01-08,23.82,15.35,32.72
2020-01-09,23.82,15.35,32.72
2020-01-10,23.82,15.35,32.72
2020-01-13,23.82,15.35,32.72
2020-01-14,23.82,15.35,32.72
2020-01-15,23.82,15.35,32.72
2020-01-16,23.82,15.35,32.72
2020-01-17,23.82,15.35,32.72
2020-01-21,23.82,15.35,32.72
2020-01-22,23.82,15.35,32.72
2020-01-23,23.82,15.35,32.72
2020-01-24,23.82,15.35,32.72
2020-01-27,23.82,15.35,32.72
2020-01-28,23.82,15.35,32.72
2020-01-29,23.82,15.35,32.72
2020-01-30,23.82,15.35,32.72
2020-01-31,23.82,15.35,32.72
2020-02-03,23.82,15.35,32.72
2020-02-04,23.82,15.35,32.72
2020-02-05,23.82,15.35,32.72
2020-02-06,23.82,15.35,32.72
2020-02-07,23.82,15.35,32.72
2020-02-10,23.82,15.35,32.72
2020-02-11,23.82,15.35,32.72
2020-02-12,23.82,15.35,32.72
2020-02-13,23.82,15.35,32.72
2020-02-14,23.82,15.35,32.72
2020-02-18,23.82,15.35,32.72
2020-02-19,23.82,15.35,32.72
2020-02-20,23.82,15.35,32.72
2020-02-21,23.82,15.35,32.72
2020-02-24,23.82,15.35,32.72
2020-02-25,23.82,15.35,32.72
2020-02-26,23.82,15.35,32.72
2020-02-27,23.82,15.35,32.72
2020-02-28,23.82,15.35,32.72
2020-03-02,23.82,15.55,32.72
2020-03-03,23.82,15.55,32.72
2020-03-04,23.82,15.55,32.72
2020-03-05,23.82,15.55,32.72
2020-03-06,23.82,15.55,32.72
2020-03-09,23.82,15.55,32.72
2020-03-10,23.82,15.55,32.72
2020-03-11,23.82,15.55,32.72
2020-03-12,23.82,15.55,32.72
2020-03-13,23.82,15.55,32.72
2020-03-16,23.82,15.55,32.72
2020-03-17,23.82,15.55,32.72
2020-03-18,23.82,15.55,32.72
2020-03-19,23.82,15.55,32.72
2020-03-20,23.82,15.55,32.72
2020-03-23,23.82,15.55,32.72
2020-03-24,23.82,15.55,32.72
2020-03-25,23.82,15.55,32.72
2020-03-26,23.82,15.55,32.72
2020-03-27,23.82,15.55,32.72
2020-03-30,23.82,15.55,32.72
2020-03-31,23.82,15.55,32.72
2020-04-01,23.82,15.55,32.72
2020-04-02,23.82,15.55,32.72
2020-04-03,23.82,15.55,32.72
2020-04-06,23.82,15.55,32.72
2020-04-07,23.82,15.55,32.72
2020-04-08,23.82,15.55,32.72
2020-04-09,23.82,15.55,32.72
2020-04-13,23.82,15.55,32.72
2020-04-14,23.82,15.55,32.72
2020-04-15,23.82,15.55,32.72
2020-04-16,23.82,15.55,32.72
2020-04-17,23.82,15.55,32.72
2020-04-20,23.82,15.55,32.72
2020-04-21,23.82,15.55,32.72
2020-04-22,23.82,15.55,32.72
2020-04-23,23.82,15.55,32.72
2020-04-24,23.82,15.55,32.72
2020-04-27,23.82,15.55,32.72
2020-04-28,23.82,15.55,32.72
2020-04-29,23.82,15.55,32.72
2020-04-30,23.82,15.55,32.72
2020-05-01,23.82,15.55,32.72
2020-05-04,23.82,15.55,32.72
2020-05-05,23.82,15.55,32.72
2020-05-06,23.82,15.55,32.72
2020-05-07,23.82,15.55,32.72
2020-05-08,23.82,15.55,32.72
2020-05-11,23.82,15.55,32.72
2020-05-12,23.82,15.55,32.72
2020-05-13,23.82,15.55,32.72
2020-05-14,23.82,15.55,32.72
2020-05-15,23.82,15.55,32.72
2020-05-18,23.82,15.55,32.72
2020-05-19,23.82,15.55,32.72
2020-05-20,23.82,15.55,32.72
2020-05-21,23.82,15.55,32.72
2020-05-22,23.82,15.55,32.72
2020-05-26,23.82,15.55,32.72
2020-05-27,23.82,15.55,32.72
2020-05-28,23.82,15.55,32.72
2020-05-29,23.82,15.55,32.72
2020-06-01,23.82,15.55,32.72
2020-06-02,23.82,15.55,32.72
2020-06-03,23.82,15.55,32.72
2020-06-04,23.82,15.55,32.72
2020-06-05,23.82,15.55,32.72
2020-06-08,23.82,15.55,32.72
2020-06-09,23.82,15.55,32.72
2020-06-10,23.82,15.55,32.72
2020-06-11,23.82,15.55,32.72
2020-06-12,23.82,15.55,32.72
2020-06-15,23.82,15.55,32.72
2020-06-16,23.82,15.55,32.72
2020-06-17,23.82,15.55,32.72
2020-06-18,23.82,15.55,32.72
2020-06-19,23.82,15.55,32.72
2020-06-22,23.82,15.55,32.72
2020-06-23,23.82,15.55,32.72
2020-06-24,23.82,15.55,32.72
2020-06-25,23.82,15.55,32.72
2020-06-26,23.82,15.55,32.72
2020-06-29,23.82,15.55,32.72
2020-06-30,23.82,15.55,32.72
2020-07-01,23.62,14.91,32.72
2020-07-02,23.62,14.91,32.72
2020-07-06,23.62,14.91,32.72
2020-07-07,23.62,14.91,32.72
2020-07-08,23.62,14.91,32.72
2020-07-09,23.62,14.91,32.72
2020-07-10,23.62,14.91,32.72
2020-07-13,23.62,14.91,32.72
2020-07-14,23.62,14.91,32.72
2020-07-15,23.62,14.91,32.72
2020-07-16,23.62,14.91,32.72
2020-07-17,23.62,14.91,32.72
2020-07-20,23.62,14.91,32.72
2020-07-21,23.62,14.91,32.72
2020-07-22,23.62,14.91,32.72
2020-07-23,23.62,14.91,32.72
2020-07-24,23.62,14.91,32.72
2020-07-27,23.62,14.91,32.72
2020-07-28,23.62,14.91,32.72
2020-07-29,23.62,14.91,32.72
2020-07-30,23.62,14.91,32.72
2020-07-31,23.62,14.91,32.72
2020-08-03,23.62,14.91,32.72
2020-08-04,23.62,14.91,32.72
2020-08-05,23.62,14.91,32.72
2020-08-06,23.62,14.91,32.72
2020-08-07,23.62,14.91,32.72
2020-08-10,23.62,14.91,32.72
2020-08-11,23.62,14.91,32.72
2020-08-12,23.62,14.91,32.72
2020-08-13,23.62,14.91,32.72
2020-08-14,23.62,14.91,32.72
2020-08-17,23.62,14.91,32.72
2020-08-18,23.62,14.91,32.72
2020-08-19,23.62,14.91,32.72
2020-08-20,23.62,14.91,32.72
2020-08-21,23.62,14.91,32.72
2020-08-24,23.62,14.91,32.72
2020-08-25,23.62,14.91,32.72
2020-08-26,23.62,14.91,32.72
2020-08-27,23.62,14.91,32.72
2020-08-28,23.62,14.91,32.72
2020-08-31,23.62,14.91,32.72
2020-09-01,23.62,14.91,32.72
2020-09-02,23.62,14.91,32.72
2020-09-03,23.62,14.91,32.72
2020-09-04,23.62,14.91,32.72
2020-09-08,23.62,14.91,32.72
2020-09-09,23.62,14.91,32.72
2020-09-10,23.62,14.91,32.72
2020-09-11,23.62,14.91,32.72
2020-09-14,23.62,14.91,32.72
2020-09-15,23.62,14.91,32.72
2020-09-16,23.62,14.91,32.72
2020-09-17,23.62,14.91,32.72
2020-09-18,23.62,14.91,32.72
2020-09-21,23.62,14.91,32.72
2020-09-22,23.62,14.91,32.72
2020-09-23,23.62,14.91,32.72
2020-09-24,23.62,14.91,32.72
2020-09-25,23.62,14.91,32.72
2020-09-28,23.62,14.91,32.72
2020-09-29,23.62,14.91,32.72
2020-09-30,23.62,14.91,32.72
2020-10-01,23.65,14.94,32.72
2020-10-02,23.65,14.94,32.72
2020-10-05,23.65,14.94,32.72
2020-10-06,23.65,14.94,32.72
2020-10-07,23.65,14.94,32.72
2020-10-08,23.65,14.94,32.72
2020-10-09,23.65,14.94,32.72
2020-10-12,23.65,14.94,32.72
2020-10-13,23.65,14.94,32.72
2020-10-14,23.65,14.94,32.72
2020-10-15,23.65,14.94,32.72
2020-10-16,23.65,14.94,32.72
2020-10-19,23.65,14.94,32.72
2020-10-20,23.65,14.94,32.72
2020-10-21,23.65,14.94,32.72
2020-10-22,23.65,14.94,32.72
2020-10-23,23.65,14.94,32.72
2020-10-26,23.65,14.94,32.72
2020-10-27,23.65,14.94,32.72
2020-10-28,23.65,14.94,32.72
2020-10-29,23.65,14.94,32.72
2020-10-30,23.65,14.94,32.72
2020-11-02,23.65,14.94,32.72
2020-11-03,23.65,14.94,32.72
2020-11-04,23.65,14.94,32.72
2020-11-05,23.65,14.94,32.72
2020-11-06,23.65,14.94,32.72
2020-11-09,23.65,14.94,32.72
2020-11-10,23.65,14.94,32.72
2020-11-11,23.65,14.94,32.72
2020-11-12,23.65,14.94,32.72
2020-11-13,23.65,14.94,32.72
2020-11-16,23.65,14.94,32.72
2020-11-17,23.65,14.94,32.72
2020-11-18,23.65,14.94,32.72
2020-11-19,23.65,14.94,32.72
2020-11-20,23.65,14.94,32.72
2020-11-23,23.65,14.94,32.72
2020-11-24,23.65,14.94,32.72
2020-11-25,23.65,14.94,32.72
2020-11-27,23.65,14.94,32.72
2020-11-30,23.65,14.94,32.72
2020-12-01,23.65,14.94,32.72
2020-12-02,23.65,14.94,32.72
2020-12-03,23.65,14.94,32.72
2020-12-04,23.65,14.94,32.72
2020-12-07,23.65,14.94,32.72
2020-12-08,23.65,14.94,32.72
2020-12-09,23.65,14.94,32.72
2020-12-10,23.65,14.94,32.72
2020-12-11,23.65,14.94,32.72
2020-12-14,23.65,14.94,32.72
2020-12-15,23.65,14.94,32.72
2020-12-16,23.65,14.94,32.72
2020-12-17,23.65,14.94,32.72
2020-12-18,23.65,14.94,32.72
2020-12-21,23.65,14.94,32.72
2020-12-22,23.65,14.94,32.72
2020-12-23,23.65,14.94,32.72
2020-12-24,23.65,14.94,32.72
2020-12-28,23.65,14.94,32.72
2020-12-29,23.65,14.94,32.72
2020-12-30,23.65,14.94,32.72
2020-12-31,23.65,14.94,32.72
2021-01-04,16.46,14.74,32.72
2021-01-05,16.46,14.74,32.72
2021-01-06,16.46,14.74,32.72
2021-01-07,16.46,14.74,32.72
2021-01-08,16.46,14.74,32.72
2021-01-11,16.46,14.74,32.72
2021-01-12,16.46,14.74,32.72
2021-01-13,16.46,14.74,32.72
2021-01-14,16.46,14.74,32.72
2021-01-15,16.46,14.74,32.72
2021-01-19,16.46,14.74,32.72
2021-01-20,16.46,14.74,32.72
2021-01-21,16.46,14.74,32.72
2021-01-22,16.46,14.74,32.72
2021-01-25,16.46,14.74,32.72
2021-01-26,16.46,14.74,32.72
2021-01-27,16.46,14.74,32.72
2021-01-28,16.46,14.74,32.72
2021-01-29,16.46,14.74,32.72
2021-02-01,16.58,14.74,32.72
2021-02-02,16.58,14.74,32.72
2021-02-03,16.58,14.74,32.72
2021-02-04,16.58,14.74,32.72
2021-02-05,16.58,14.74,32.72
2021-02-08,16.58,14.74,32.72
2021-02-09,16.58,14.74,32.72
2021-02-10,16.58,14.74,32.72
2021-02-11,16.58,14.74,32.72
2021-02-12,16.58,14.74,32.72
2021-02-16,16.58,14.74,32.72
2021-02-17,16.58,14.74,32.72
2021-02-18,16.58,14.74,32.72
2021-02-19,16.58,14.74,32.72
2021-02-22,16.58,14.74,32.72
2021-02-23,16.58,14.74,32.72
2021-02-24,16.58,14.74,32.72
2021-02-25,16.58,14.74,32.72
2021-02-26,16.58,14.74,32.72
2021-03-01,16.73,14.74,32.69
2021-03-02,16.73,14.74,32.69
2021-03-03,16.73,14.74,32.69
2021-03-04,16.73,14.74,32.69
2021-03-05,16.73,14.74,32.69
2021-03-08,16.73,14.74,32.69
2021-03-09,16.73,14.74,32.69
2021-03-10,16.73,14.74,32.69
2021-03-11,16.73,14.74,32.69
2021-03-12,16.73,14.74,32.69
2021-03-15,16.73,14.74,32.69
2021-03-16,16.73,14.74,32.69
2021-03-17,16.73,14.74,32.69
2021-03-18,16.73,14.74,32.69
2021-03-19,16.73,14.74,32.69
2021-03-22,16.73,14.74,32.69
2021-03-23,16.73,14.74,32.69
2021-03-24,16.73,14.74,32.69
2021-03-25,16.73,14.74,32.69
2021-03-26,16.73,14.74,32.69
2021-03-29,16.73,14.74,32.69
2021-03-30,16.73,14.74,32.69
2021-03-31,16.73,14.74,32.69
2021-04-01,16.73,14.74,32.69
2021-04-05,16.73,14.74,32.69
2021-04-06,16.73,14.74,32.69
2021-04-07,16.73,14.74,32.69
2021-04-08,16.73,14.74,32.69
2021-04-09,16.73,14.74,32.69
2021-04-12,16.73,14.74,32.69
2021-04-13,16.73,14.74,32.69
2021-04-14,16.73,14.74,32.69
2021-04-15,16.73,14.74,32.69
2021-04-16,16.73,14.74,32.69
2021-04-19,16.73,14.74,32.69
2021-04-20,16.73,14.74,32.69
2021-04-21,16.73,14.74,32.69
2021-04-22,16.73,14.74,32.69
2021-04-23,16.73,14.74,32.69
2021-04-26,16.73,14.74,32.69
2021-04-27,16.73,14.74,32.69
2021-04-28,16.73,14.74,32.69
2021-04-29,16.73,14.74,32.69
2021-04-30,16.73,14.74,32.69
2021-05-03,16.92,14.63,17.84
2021-05-04,16.92,14.63,17.84
2021-05-05,16.92,14.63,17.84
2021-05-06,16.92,14.63,17.84
2021-05-07,16.92,14.63,17.84
2021-05-10,16.92,14.63,17.84
2021-05-11,16.92,14.63,17.84
2021-05-12,16.92,14.63,17.84
2021-05-13,16.92,14.63,17.84
2021-05-14,16.92,14.63,17.84
2021-05-17,16.92,14.63,17.84
2021-05-18,16.92,14.63,17.84
2021-05-19,16.92,14.63,17.84
2021-05-20,16.92,14.63,17.84
2021-05-21,16.92,14.63,17.84
2021-05-24,16.92,14.63,17.84
2021-05-25,16.92,14.63,17.84
2021-05-26,16.92,14.63,17.84
2021-05-27,16.92,14.63,17.84
2021-05-28,16.92,14.63,17.84
2021-06-01,16.92,14.63,17.84
2021-06-02,16.92,14.63,17.84
2021-06-03,16.92,14.63,17.84
2021-06-04,16.92,14.63,17.84
2021-06-07,16.92,14.63,17.84
2021-06-08,16.92,14.63,17.84
2021-06-09,16.92,14.63,17.84
2021-06-10,16.92,14.63,17.84
2021-06-11,16.92,14.63,17.84
2021-06-14,16.92,14.63,17.84
2021-06-15,16.92,14.63,17.84
2021-06-16,16.92,14.63,17.84
2021-06-17,16.92,14.63,17.84
2021-06-18,16.92,14.63,17.84
2021-06-21,16.92,14.63,17.84
2021-06-22,16.92,14.63,17.84
2021-06-23,16.92,14.63,17.84
2021-06-24,16.92,14.63,17.84
2021-06-25,16.92,14.63,17.84
2021-06-28,16.92,14.63,17.84
2021-06-29,16.92,14.63,17.84
2021-06-30,16.92,14.63,17.84
2021-07-01,16.92,14.63,17.84
2021-07-02,16.92,14.63,17.84
2021-07-06,16.92,14.63,17.84
2021-07-07,16.92,14.63,17.84
2021-07-08,16.92,14.63,17.84
2021-07-09,16.92,14.63,17.84
2021-07-12,16.92,14.63,17.84
2021-07-13,16.92,14.63,17.84
2021-07-14,16.92,14.63,17.84
2021-07-15,16.92,14.63,17.84
2021-07-16,16.92,14.63,17.84
2021-07-19,16.92,14.63,17.84
2021-07-20,16.92,14.63,17.84
2021-07-21,16.92,14.63,17.84
2021-07-22,16.92,14.63,17.84
2021-07-23,16.92,14.63,17.84
2021-07-26,16.92,14.63,17.84
2021-07-27,16.92,14.63,17.84
2021-07-28,16.92,14.63,17.84
2021-07-29,16.92,14.63,17.84
2021-07-30,16.92,14.63,17.84
2021-08-02,16.92,14.63,17.84
2021-08-03,16.92,14.63,17.84
2021-08-04,16.92,14.63,17.84
2021-08-05,16.92,14.63,17.84
2021-08-06,16.92,14.63,17.84
2021-08-09,16.92,14.63,17.84
2021-08-10,16.92,14.63,17.84
2021-08-11,16.92,14.63,17.84
2021-08-12,16.92,14.63,17.84
2021-08-13,16.92,14.63,17.84
2021-08-16,16.92,14.63,17.84
2021-08-17,16.92,14.63,17.84
2021-08-18,16.92,14.63,17.84
2021-08-19,16.92,14.63,17.84
2021-08-20,16.92,14.63,17.84
2021-08-23,16.92,14.63,17.84
2021-08-24,16.92,14.63,17.84
2021-08-25,16.92,14.63,17.84
2021-08-26,16.92,14.63,17.84
2021-08-27,16.92,14.63,17.84
2021-08-30,16.92,14.63,17.84
2021-08-31,16.92,14.63,17.84
2021-09-01,16.92,13.26,17.73
2021-09-02,16.92,13.26,17.73
2021-09-03,16.92,13.26,17.73
2021-09-07,16.92,13.26,17.73
2021-09-08,16.92,13.26,17.73
2021-09-09,16.92,13.26,17.73
2021-09-10,16.92,13.26,17.73
2021-09-13,16.92,13.26,17.73
2021-09-14,16.92,13.26,17.73
2021-09-15,16.92,13.26,17.73
2021-09-16,16.92,13.26,17.73
2021-09-17,16.92,13.26,17.73
2021-09-20,16.92,13.26,17.73
2021-09-21,16.92,13.26,17.73
2021-09-22,16.92,13.26,17.73
2021-09-23,16.92,13.26,17.73
2021-09-24,16.92,13.26,17.73
2021-09-27,16.92,13.26,17.73
2021-09-28,16.92,13.26,17.73
2021-09-29,16.92,13.26,17.73
2021-09-30,16.92,13.26,17.73
2021-10-01,16.92,13.26,17.73
2021-10-04,16.92,13.26,17.73
2021-10-05,16.92,13.26,17.73
2021-10-06,16.92,13.26,17.73
2021-10-07,16.92,13.26,17.73
2021-10-08,16.92,13.26,17.73
2021-10-11,16.92,13.26,17.73
2021-10-12,16.92,13.26,17.73
2021-10-13,16.92,13.26,17.73
2021-10-14,16.92,13.26,17.73
2021-10-15,16.92,13.26,17.73
2021-10-18,16.92,13.26,17.73
2021-10-19,16.92,13.26,17.73
2021-10-20,16.92,13.26,17.73
2021-10-21,16.92,13.26,17.73
2021-10-22,16.92,13.26,17.73
2021-10-25,16.92,13.26,17.73
2021-10-26,16.92,13.26,17.73
2021-10-27,16.92,13.26,17.73
2021-10-28,16.92,13.26,17.73
2021-10-29,16.92,13.26,17.73
2021-11-01,16.92,13.26,17.73
2021-11-02,16.92,13.26,17.73
2021-11-03,16.92,13.26,17.73
2021-11-04,16.92,13.26,17.73
2021-11-05,16.92,13.26,17.73
2021-11-08,16.92,13.26,17.73
2021-11-09,16.92,13.26,17.73
2021-11-10,16.92,13.26,17.73
2021-11-11,16.92,13.26,17.73
2021-11-12,16.92,13.26,17.73
2021-11-15,16.92,13.26,17.73
2021-11-16,16.92,13.26,17.73
2021-11-17,16.92,13.26,17.73
2021-11-18,16.92,13.26,17.73
2021-11-19,16.92,13.26,17.73
2021-11-22,16.92,13.26,17.73
2021-11-23,16.92,13.26,17.73
2021-11-24,16.92,13.26,17.73
2021-11-26,16.92,13.26,17.73
2021-11-29,16.92,13.26,17.73
2021-11-30,16.92,13.26,17.73
2021-12-01,16.92,13.26,17.73
2021-12-02,16.92,13.26,17.73
2021-12-03,16.92,13.26,17.73
2021-12-06,16.92,13.26,17.73
2021-12-07,16.92,13.26,17.73
2021-12-08,16.92,13.26,17.73
2021-12-09,16.92,13.26,17.73
2021-12-10,16.92,13.26,17.73
2021-12-13,16.92,13.26,17.73
2021-12-14,16.92,13.26,17.73
2021-12-15,16.92,13.26,17.73
2021-12-16,16.92,13.26,17.73
2021-12-17,16.92,13.26,17.73
2021-12-20,16.92,13.26,17.73
2021-12-21,16.92,13.26,17.73
2021-12-22,16.92,13.26,17.73
2021-12-23,16.92,13.26,17.73
2021-12-27,16.92,13.26,17.73
2021-12-28,16.92,13.26,17.73
2021-12-29,16.92,13.26,17.73
2021-12-30,16.92,13.26,17.73
2021-12-31,16.92,13.26,17.73
2022-01-03,16.92,13.26,17.73
2022-01-04,16.92,13.26,17.73
2022-01-05,16.92,13.26,17.73
2022-01-06,16.92,13.26,17.73
2022-01-07,16.92,13.26,17.73
2022-01-10,16.92,13.26,17.73
2022-01-11,16.92,13.26,17.73
2022-01-12,16.92,13.26,17.73
2022-01-13,16.92,13.26,17.73
2022-01-14,16.92,13.26,17.73
2022-01-18,16.92,13.26,17.73
2022-01-19,16.92,13.26,17.73
2022-01-20,16.92,13.26,17.73
2022-01-21,16.92,13.26,17.73
2022-01-24,16.92,13.26,17.73
2022-01-25,16.92,13.26,17.73
2022-01-26,16.92,13.26,17.73
2022-01-27,16.92,13.26,17.73
2022-01-28,16.92,13.26,17.73
2022-01-31,16.92,13.26,17.73
2022-02-01,16.27,13.26,17.73
2022-02-02,16.27,13.26,17.73
2022-02-03,16.27,13.26,17.73
2022-02-04,16.27,13.26,17.73
2022-02-07,16.27,13.26,17.73
2022-02-08,16.27,13.26,17.73
2022-02-09,16.27,13.26,17.73
2022-02-10,16.27,13.26,17.73
2022-02-11,16.27,13.26,17.73
2022-02-14,16.27,13.26,17.73
2022-02-15,16.27,13.26,17.73
2022-02-16,16.27,13.26,17.73
2022-02-17,16.27,13.26,17.73
2022-02-18,16.27,13.26,17.73
2022-02-22,16.27,13.26,17.73
2022-02-23,16.27,13.26,17.73
2022-02-24,16.27,13.26,17.73
2022-02-25,16.27,13.26,17.73
2022-02-28,16.27,13.26,17.73
2022-03-01,16.27,13.26,17.73
2022-03-02,16.27,13.26,17.73
2022-03-03,16.27,13.26,17.73
2022-03-04,16.27,13.26,17.73
2022-03-07,16.27,13.26,17.73
2022-03-08,16.27,13.26,17.73
2022-03-09,16.27,13.26,17.73
2022-03-10,16.27,13.26,17.73
2022-03-11,16.27,13.26,17.73
2022-03-14,16.27,13.26,17.73
2022-03-15,16.27,13.26,17.73
2022-03-16,16.27,13.26,17.73
2022-03-17,16.27,13.26,17.73
2022-03-18,16.27,13.26,17.73
2022-03-21,16.27,13.26,17.73
2022-03-22,16.27,13.26,17.73
2022-03-23,16.27,13.26,17.73
2022-03-24,16.27,13.26,17.73
2022-03-25,16.27,13.26,17.73
2022-03-28,16.27,13.26,17.73
2022-03-29,16.27,13.26,17.73
2022-03-30,16.27,13.26,17.73
2022-03-31,16.27,13.26,17.73
2022-04-01,16.27,13.26,17.73
2022-04-04,16.27,13.26,17.73
2022-04-05,16.27,13.26,17.73
2022-04-06,16.27,13.26,17.73
2022-04-07,16.27,13.26,17.73
2022-04-08,16.27,13.26,17.73
2022-04-11,16.27,13.26,17.73
2022-04-12,16.27,13.26,17.73
2022-04-13,16.27,13.26,17.73
2022-04-14,16.27,13.26,17.73
2022-04-18,16.27,13.26,17.73
2022-04-19,16.27,13.26,17.73
2022-04-20,16.27,13.26,17.73
2022-04-21,16.27,13.26,17.73
2022-04-22,16.27,13.26,17.73
2022-04-25,16.27,13.26,17.73
2022-04-26,16.27,13.26,17.73
2022-04-27,16.27,13.26,17.73
2022-04-28,16.27,13.26,17.73
2022-04-29,16.27,13.26,17.73
2022-05-02,16.41,13.75,17.73
2022-05-03,16.41,13.75,17.73
2022-05-04,16.41,13.75,17.73
2022-05-05,16.41,13.75,17.73
2022-05-06,16.41,13.75,17.73
2022-05-09,16.41,13.75,17.73
2022-05-10,16.41,13.75,17.73
2022-05-11,16.41,13.75,17.73
2022-05-12,16.41,13.75,17.73
2022-05-13,16.41,13.75,17.73
2022-05-16,16.41,13.75,17.73
2022-05-17,16.41,13.75,17.73
2022-05-18,16.41,13.75,17.73
2022-05-19,16.41,13.75,17.73
2022-05-20,16.41,13.75,17.73
2022-05-23,16.41,13.75,17.73
2022-05-24,16.41,13.75,17.73
2022-05-25,16.41,13.75,17.73
2022-05-26,16.41,13.75,17.73
2022-05-27,16.41,13.75,17.73
2022-05-31,16.41,13.75,17.73
2022-06-01,16.41,13.75,17.73
2022-06-02,16.41,13.75,17.73
2022-06-03,16.41,13.75,17.73
2022-06-06,16.41,13.75,17.73
2022-06-07,16.41,13.75,17.73
2022-06-08,16.41,13.75,17.73
2022-06-09,16.41,13.75,17.73
2022-06-10,16.41,13.75,17.73
2022-06-13,16.41,13.75,17.73
2022-06-14,16.41,13.75,17.73
2022-06-15,16.41,13.75,17.73
2022-06-16,16.41,13.75,17.73
2022-06-17,16.41,13.75,17.73
2022-06-21,16.41,13.75,17.73
2022-06-22,16.41,13.75,17.73
2022-06-23,16.41,13.75,17.73
2022-06-24,16.41,13.75,17.73
2022-06-27,16.41,13.75,17.73
2022-06-28,16.41,13.75,17.73
2022-06-29,16.41,13.75,17.73
2022-06-30,16.41,13.75,17.73
2022-07-01,16.41,13.75,17.73
2022-07-05,16.41,13.75,17.73
2022-07-06,16.41,13.75,17.73
2022-07-07,16.41,13.75,17.73
2022-07-08,16.41,13.75,17.73
2022-07-11,16.41,13.75,17.73
2022-07-12,16.41,13.75,17.73
2022-07-13,16.41,13.75,17.73
2022-07-14,16.41,13.75,17.73
2022-07-15,16.41,13.75,17.73
2022-07-18,16.41,13.75,17.73
2022-07-19,16.41,13.75,17.73
2022-07-20,16.41,13.75,17.73
2022-07-21,16.41,13.75,17.73
2022-07-22,16.41,13.75,17.73
2022-07-25,16.41,13.75,17.73
2022-07-26,16.41,13.75,17.73
2022-07-27,16.41,13.75,17.73
2022-07-28,16.41,13.75,17.73
2022-07-29,16.41,13.75,17.73
2022-08-01,16.68,15.24,11.73
2022-08-02,16.68,15.24,11.73
2022-08-03,16.68,15.24,11.73
2022-08-04,16.68,15.24,11.73
2022-08-05,16.68,15.24,11.73
2022-08-08,16.68,15.24,11.73
2022-08-09,16.68,15.24,11.73
2022-08-10,16.68,15.24,11.73
2022-08-11,16.68,15.24,11.73
2022-08-12,16.68,15.24,11.73
2022-08-15,16.68,15.24,11.73
2022-08-16,16.68,15.24,11.73
2022-08-17,16.68,15.24,11.73
2022-08-18,16.68,15.24,11.73
2022-08-19,16.68,15.24,11.73
2022-08-22,16.68,15.24,11.73
2022-08-23,16.68,15.24,11.73
2022-08-24,16.68,15.24,11.73
2022-08-25,16.68,15.24,11.73
2022-08-26,16.68,15.24,11.73
2022-08-29,16.68,15.24,11.73
2022-08-30,16.68,15.24,11.73
2022-08-31,16.68,15.24,11.73
2022-09-01,16.68,15.24,11.73
2022-09-02,16.68,15.24,11.73
2022-09-06,16.68,15.24,11.73
2022-09-07,16.68,15.24,11.73
2022-09-08,16.68,15.24,11.73
2022-09-09,16.68,15.24,11.73
2022-09-12,16.68,15.24,11.73
2022-09-13,16.68,15.24,11.73
2022-09-14,16.68,15.24,11.73
2022-09-15,16.68,15.24,11.73
2022-09-16,16.68,15.24,11.73
2022-09-19,16.68,15.24,11.73
2022-09-20,16.68,15.24,11.73
2022-09-21,16.68,15.24,11.73
2022-09-22,16.68,15.24,11.73
2022-09-23,16.68,15.24,11.73
2022-09-26,16.68,15.24,11.73
2022-09-27,16.68,15.24,11.73
2022-09-28,16.68,15.24,11.73
2022-09-29,16.68,15.24,11.73
2022-09-30,16.68,15.24,11.73
2022-10-03,16.68,15.24,11.73
2022-10-04,16.68,15.24,11.73
2022-10-05,16.68,15.24,11.73
2022-10-06,16.68,15.24,11.73
2022-10-07,16.68,15.24,11.73
2022-10-10,16.68,15.24,11.73
2022-10-11,16.68,15.24,11.73
2022-10-12,16.68,15.24,11.73
2022-10-13,16.68,15.24,11.73
2022-10-14,16.68,15.24,11.73
2022-10-17,16.68,15.24,11.73
2022-10-18,16.68,15.24,11.73
2022-10-19,16.68,15.24,11.73
2022-10-20,16.68,15.24,11.73
2022-10-21,16.68,15.24,11.73
2022-10-24,16.68,15.24,11.73
2022-10-25,16.68,15.24,11.73
2022-10-26,16.68,15.24,11.73
2022-10-27,16.68,15.24,11.73
2022-10-28,16.68,15.24,11.73
2022-10-31,16.68,15.24,11.73
2022-11-01,16.68,15.24,11.73
2022-11-02,16.68,15.24,11.73
2022-11-03,16.68,15.24,11.73
2022-11-04,16.68,15.24,11.73
2022-11-07,16.68,15.24,11.73
2022-11-08,16.68,15.24,11.73
2022-11-09,16.68,15.24,11.73
2022-11-10,16.68,15.24,11.73
2022-11-11,16.68,15.24,11.73
2022-11-14,16.68,15.24,11.73
2022-11-15,16.68,15.24,11.73
2022-11-16,16.68,15.24,11.73
2022-11-17,16.68,15.24,11.73
2022-11-18,16.68,15.24,11.73
2022-11-21,16.68,15.24,11.73
2022-11-22,16.68,15.24,11.73
2022-11-23,16.68,15.24,11.73
2022-11-25,16.68,15.24,11.73
2022-11-28,16.68,15.24,11.73
2022-11-29,16.68,15.24,11.73
2022-11-30,16.68,15.24,11.73
2022-12-01,16.68,15.24,11.73
2022-12-02,16.68,15.24,11.73
2022-12-05,16.68,15.24,11.73
2022-12-06,16.68,15.24,11.73
2022-12-07,16.68,15.24,11.73
2022-12-08,16.68,15.24,11.73
2022-12-09,16.68,15.24,11.73
2022-12-12,16.68,15.24,11.73
2022-12-13,16.68,15.24,11.73
2022-12-14,16.68,15.24,11.73
2022-12-15,16.68,15.24,11.73
2022-12-16,16.68,15.24,11.73
2022-12-19,16.68,15.24,11.73
2022-12-20,16.68,15.24,11.73
2022-12-21,16.68,15.24,11.73
2022-12-22,16.68,15.24,11.73
2022-12-23,16.68,15.24,11.73
2022-12-27,16.68,15.24,11.73
2022-12-28,16.68,15.24,11.73
2022-12-29,16.68,15.24,11.73
2022-12-30,16.68,15.24,11.73
