Date,MSFT,AAPL
2014-09-02,66.0,61.0
2014-09-03,66.0,61.0
2014-09-04,66.0,61.0
2014-09-05,66.0,61.0
2014-09-08,66.0,61.0
2014-09-09,66.0,61.0
2014-09-10,66.0,61.0
2014-09-11,66.0,61.0
2014-09-12,66.0,61.0
2014-09-15,66.0,61.0
2014-09-16,66.0,61.0
2014-09-17,66.0,61.0
2014-09-18,66.0,61.0
2014-09-19,66.0,61.0
2014-09-22,66.0,61.0
2014-09-23,66.0,61.0
2014-09-24,66.0,61.0
2014-09-25,66.0,61.0
2014-09-26,66.0,61.0
2014-09-29,66.0,61.0
2014-09-30,66.0,61.0
2014-10-01,66.0,60.0
2014-10-02,66.0,60.0
2014-10-03,66.0,60.0
2014-10-06,66.0,60.0
2014-10-07,66.0,60.0
2014-10-08,66.0,60.0
2014-10-09,66.0,60.0
2014-10-10,66.0,60.0
2014-10-13,66.0,60.0
2014-10-14,66.0,60.0
2014-10-15,66.0,60.0
2014-10-16,66.0,60.0
2014-10-17,66.0,60.0
2014-10-20,66.0,60.0
2014-10-21,66.0,60.0
2014-10-22,66.0,60.0
2014-10-23,66.0,60.0
2014-10-24,66.0,60.0
2014-10-27,66.0,60.0
2014-10-28,66.0,60.0
2014-10-29,66.0,60.0
2014-10-30,66.0,60.0
2014-10-31,66.0,60.0
2014-11-03,66.0,61.0
2014-11-04,66.0,61.0
2014-11-05,66.0,61.0
2014-11-06,66.0,61.0
2014-11-07,66.0,61.0
2014-11-10,66.0,61.0
2014-11-11,66.0,61.0
2014-11-12,66.0,61.0
2014-11-13,66.0,61.0
2014-11-14,66.0,61.0
2014-11-17,66.0,61.0
2014-11-18,66.0,61.0
2014-11-19,66.0,61.0
2014-11-20,66.0,61.0
2014-11-21,66.0,61.0
2014-11-24,66.0,61.0
2014-11-25,66.0,61.0
2014-11-26,66.0,61.0
2014-11-28,66.0,61.0
2014-12-01,66.0,61.0
2014-12-02,66.0,61.0
2014-12-03,66.0,61.0
2014-12-04,66.0,61.0
2014-12-05,66.0,61.0
2014-12-08,66.0,61.0
2014-12-09,66.0,61.0
2014-12-10,66.0,61.0
2014-12-11,66.0,61.0
2014-12-12,66.0,61.0
2014-12-15,66.0,61.0
2014-12-16,66.0,61.0
2014-12-17,66.0,61.0
2014-12-18,66.0,61.0
2014-12-19,66.0,61.0
2014-12-22,66.0,61.0
2014-12-23,66.0,61.0
2014-12-24,66.0,61.0
2014-12-26,66.0,61.0
2014-12-29,66.0,61.0
2014-12-30,66.0,61.0
2014-12-31,66.0,61.0
2015-01-02,66.0,61.0
2015-01-05,66.0,61.0
2015-01-06,66.0,61.0
2015-01-07,66.0,61.0
2015-01-08,66.0,61.0
2015-01-09,66.0,61.0
2015-01-12,66.0,61.0
2015-01-13,66.0,61.0
2015-01-14,66.0,61.0
2015-01-15,66.0,61.0
2015-01-16,66.0,61.0
2015-01-20,66.0,61.0
2015-01-21,66.0,61.0
2015-01-22,66.0,61.0
2015-01-23,66.0,61.0
2015-01-26,66.0,61.0
2015-01-27,66.0,61.0
2015-01-28,66.0,61.0
2015-01-29,66.0,61.0
2015-01-30,66.0,61.0
2015-02-02,67.0,61.0
2015-02-03,67.0,61.0
2015-02-04,67.0,61.0
2015-02-05,67.0,61.0
2015-02-06,67.0,61.0
2015-02-09,67.0,61.0
2015-02-10,67.0,61.0
2015-02-11,67.0,61.0
2015-02-12,67.0,61.0
2015-02-13,67.0,61.0
2015-02-17,67.0,61.0
2015-02-18,67.0,61.0
2015-02-19,67.0,61.0
2015-02-20,67.0,61.0
2015-02-23,67.0,61.0
2015-02-24,67.0,61.0
2015-02-25,67.0,61.0
2015-02-26,67.0,61.0
2015-02-27,67.0,61.0
2015-03-02,66.0,63.0
2015-03-03,66.0,63.0
2015-03-04,66.0,63.0
2015-03-05,66.0,63.0
2015-03-06,66.0,63.0
2015-03-09,66.0,63.0
2015-03-10,66.0,63.0
2015-03-11,66.0,63.0
2015-03-12,66.0,63.0
2015-03-13,66.0,63.0
2015-03-16,66.0,63.0
2015-03-17,66.0,63.0
2015-03-18,66.0,63.0
2015-03-19,66.0,63.0
2015-03-20,66.0,63.0
2015-03-23,66.0,63.0
2015-03-24,66.0,63.0
2015-03-25,66.0,63.0
2015-03-26,66.0,63.0
2015-03-27,66.0,63.0
2015-03-30,66.0,63.0
2015-03-31,66.0,63.0
2015-04-01,66.0,63.0
2015-04-02,66.0,63.0
2015-04-06,66.0,63.0
2015-04-07,66.0,63.0
2015-04-08,66.0,63.0
2015-04-09,66.0,63.0
2015-04-10,66.0,63.0
2015-04-13,66.0,63.0
2015-04-14,66.0,63.0
2015-04-15,66.0,63.0
2015-04-16,66.0,63.0
2015-04-17,66.0,63.0
2015-04-20,66.0,63.0
2015-04-21,66.0,63.0
2015-04-22,66.0,63.0
2015-04-23,66.0,63.0
2015-04-24,66.0,63.0
2015-04-27,66.0,63.0
2015-04-28,66.0,63.0
2015-04-29,66.0,63.0
2015-04-30,66.0,63.0
2015-05-01,66.0,63.0
2015-05-04,66.0,63.0
2015-05-05,66.0,63.0
2015-05-06,66.0,63.0
2015-05-07,66.0,63.0
2015-05-08,66.0,63.0
2015-05-11,66.0,63.0
2015-05-12,66.0,63.0
2015-05-13,66.0,63.0
2015-05-14,66.0,63.0
2015-05-15,66.0,63.0
2015-05-18,66.0,63.0
2015-05-19,66.0,63.0
2015-05-20,66.0,63.0
2015-05-21,66.0,63.0
2015-05-22,66.0,63.0
2015-05-26,66.0,63.0
2015-05-27,66.0,63.0
2015-05-28,66.0,63.0
2015-05-29,66.0,63.0
2015-06-01,66.0,63.0
2015-06-02,66.0,63.0
2015-06-03,66.0,63.0
2015-06-04,66.0,63.0
2015-06-05,66.0,63.0
2015-06-08,66.0,63.0
2015-06-09,66.0,63.0
2015-06-10,66.0,63.0
2015-06-11,66.0,63.0
2015-06-12,66.0,63.0
2015-06-15,66.0,63.0
2015-06-16,66.0,63.0
2015-06-17,66.0,63.0
2015-06-18,66.0,63.0
2015-06-19,66.0,63.0
2015-06-22,66.0,63.0
2015-06-23,66.0,63.0
2015-06-24,66.0,63.0
2015-06-25,66.0,63.0
2015-06-26,66.0,63.0
2015-06-29,66.0,63.0
2015-06-30,66.0,63.0
2015-07-01,66.0,63.0
2015-07-02,66.0,63.0
2015-07-06,66.0,63.0
2015-07-07,66.0,63.0
2015-07-08,66.0,63.0
2015-07-09,66.0,63.0
2015-07-10,66.0,63.0
2015-07-13,66.0,63.0
2015-07-14,66.0,63.0
2015-07-15,66.0,63.0
2015-07-16,66.0,63.0
2015-07-17,66.0,63.0
2015-07-20,66.0,63.0
2015-07-21,66.0,63.0
2015-07-22,66.0,63.0
2015-07-23,66.0,63.0
2015-07-24,66.0,63.0
2015-07-27,66.0,63.0
2015-07-28,66.0,63.0
2015-07-29,66.0,63.0
2015-07-30,66.0,63.0
2015-07-31,66.0,63.0
2015-08-03,66.0,64.0
2015-08-04,66.0,64.0
2015-08-05,66.0,64.0
2015-08-06,66.0,64.0
2015-08-07,66.0,64.0
2015-08-10,66.0,64.0
2015-08-11,66.0,64.0
2015-08-12,66.0,64.0
2015-08-13,66.0,64.0
2015-08-14,66.0,64.0
2015-08-17,66.0,64.0
2015-08-18,66.0,64.0
2015-08-19,66.0,64.0
2015-08-20,66.0,64.0
2015-08-21,66.0,64.0
2015-08-24,66.0,64.0
2015-08-25,66.0,64.0
2015-08-26,66.0,64.0
2015-08-27,66.0,64.0
2015-08-28,66.0,64.0
2015-08-31,66.0,64.0
2015-09-01,72.0,64.0
2015-09-02,72.0,64.0
2015-09-03,72.0,64.0
2015-09-04,72.0,64.0
2015-09-08,72.0,64.0
2015-09-09,72.0,64.0
2015-09-10,72.0,64.0
2015-09-11,72.0,64.0
2015-09-14,72.0,64.0
2015-09-15,72.0,64.0
2015-09-16,72.0,64.0
2015-09-17,72.0,64.0
2015-09-18,72.0,64.0
2015-09-21,72.0,64.0
2015-09-22,72.0,64.0
2015-09-23,72.0,64.0
2015-09-24,72.0,64.0
2015-09-25,72.0,64.0
2015-09-28,72.0,64.0
2015-09-29,72.0,64.0
2015-09-30,72.0,64.0
2015-10-01,74.0,63.0
2015-10-02,74.0,63.0
2015-10-05,74.0,63.0
2015-10-06,74.0,63.0
2015-10-07,74.0,63.0
2015-10-08,74.0,63.0
2015-10-09,74.0,63.0
2015-10-12,74.0,63.0
2015-10-13,74.0,63.0
2015-10-14,74.0,63.0
2015-10-15,74.0,63.0
2015-10-16,74.0,63.0
2015-10-19,74.0,63.0
2015-10-20,74.0,63.0
2015-10-21,74.0,63.0
2015-10-22,74.0,63.0
2015-10-23,74.0,63.0
2015-10-26,74.0,63.0
2015-10-27,74.0,63.0
2015-10-28,74.0,63.0
2015-10-29,74.0,63.0
2015-10-30,74.0,63.0
2015-11-02,73.0,62.0
2015-11-03,73.0,62.0
2015-11-04,73.0,62.0
2015-11-05,73.0,62.0
2015-11-06,73.0,62.0
2015-11-09,73.0,62.0
2015-11-10,73.0,62.0
2015-11-11,73.0,62.0
2015-11-12,73.0,62.0
2015-11-13,73.0,62.0
2015-11-16,73.0,62.0
2015-11-17,73.0,62.0
2015-11-18,73.0,62.0
2015-11-19,73.0,62.0
2015-11-20,73.0,62.0
2015-11-23,73.0,62.0
2015-11-24,73.0,62.0
2015-11-25,73.0,62.0
2015-11-27,73.0,62.0
2015-11-30,73.0,62.0
2015-12-01,73.0,62.0
2015-12-02,73.0,62.0
2015-12-03,73.0,62.0
2015-12-04,73.0,62.0
2015-12-07,73.0,62.0
2015-12-08,73.0,62.0
2015-12-09,73.0,62.0
2015-12-10,73.0,62.0
2015-12-11,73.0,62.0
2015-12-14,73.0,62.0
2015-12-15,73.0,62.0
2015-12-16,73.0,62.0
2015-12-17,73.0,62.0
2015-12-18,73.0,62.0
2015-12-21,73.0,62.0
2015-12-22,73.0,62.0
2015-12-23,73.0,62.0
2015-12-24,73.0,62.0
2015-12-28,73.0,62.0
2015-12-29,73.0,62.0
2015-12-30,73.0,62.0
2015-12-31,73.0,62.0
2016-01-04,72.95,62.36
2016-01-05,72.95,62.36
2016-01-06,72.95,62.36
2016-01-07,72.95,62.36
2016-01-08,72.95,62.36
2016-01-11,72.95,62.36
2016-01-12,72.95,62.36
2016-01-13,72.95,62.36
2016-01-14,72.95,62.36
2016-01-15,72.95,62.36
2016-01-19,72.95,62.36
2016-01-20,72.95,62.36
2016-01-21,72.95,62.36
2016-01-22,72.95,62.36
2016-01-25,72.95,62.36
2016-01-26,72.95,62.36
2016-01-27,72.95,62.36
2016-01-28,72.95,62.36
2016-01-29,72.95,62.36
2016-02-01,72.95,62.36
2016-02-02,72.95,62.36
2016-02-03,72.95,62.36
2016-02-04,72.95,62.36
2016-02-05,72.95,62.36
2016-02-08,72.95,62.36
2016-02-09,72.95,62.36
2016-02-10,72.95,62.36
2016-02-11,72.95,62.36
2016-02-12,72.95,62.36
2016-02-16,72.95,62.36
2016-02-17,72.95,62.36
2016-02-18,72.95,62.36
2016-02-19,72.95,62.36
2016-02-22,72.95,62.36
2016-02-23,72.95,62.36
2016-02-24,72.95,62.36
2016-02-25,72.95,62.36
2016-02-26,72.95,62.36
2016-02-29,72.95,62.36
2016-03-01,72.05,62.36
2016-03-02,72.05,62.36
2016-03-03,72.05,62.36
2016-03-04,72.05,62.36
2016-03-07,72.05,62.36
2016-03-08,72.05,62.36
2016-03-09,72.05,62.36
2016-03-10,72.05,62.36
2016-03-11,72.05,62.36
2016-03-14,72.05,62.36
2016-03-15,72.05,62.36
2016-03-16,72.05,62.36
2016-03-17,72.05,62.36
2016-03-18,72.05,62.36
2016-03-21,72.05,62.36
2016-03-22,72.05,62.36
2016-03-23,72.05,62.36
2016-03-24,72.05,62.36
2016-03-28,72.05,62.36
2016-03-29,72.05,62.36
2016-03-30,72.05,62.36
2016-03-31,72.05,62.36
2016-04-01,71.03,62.33
2016-04-04,71.03,62.33
2016-04-05,71.03,62.33
2016-04-06,71.03,62.33
2016-04-07,71.03,62.33
2016-04-08,71.03,62.33
2016-04-11,71.03,62.33
2016-04-12,71.03,62.33
2016-04-13,71.03,62.33
2016-04-14,71.03,62.33
2016-04-15,71.03,62.33
2016-04-18,71.03,62.33
2016-04-19,71.03,62.33
2016-04-20,71.03,62.33
2016-04-21,71.03,62.33
2016-04-22,71.03,62.33
2016-04-25,71.03,62.33
2016-04-26,71.03,62.33
2016-04-27,71.03,62.33
2016-04-28,71.03,62.33
2016-04-29,71.03,62.33
2016-05-02,71.03,62.33
2016-05-03,71.03,62.33
2016-05-04,71.03,62.33
2016-05-05,71.03,62.33
2016-05-06,71.03,62.33
2016-05-09,71.03,62.33
2016-05-10,71.03,62.33
2016-05-11,71.03,62.33
2016-05-12,71.03,62.33
2016-05-13,71.03,62.33
2016-05-16,71.03,62.33
2016-05-17,71.03,62.33
2016-05-18,71.03,62.33
2016-05-19,71.03,62.33
2016-05-20,71.03,62.33
2016-05-23,71.03,62.33
2016-05-24,71.03,62.33
2016-05-25,71.03,62.33
2016-05-26,71.03,62.33
2016-05-27,71.03,62.33
2016-05-31,71.03,62.33
2016-06-01,71.03,62.33
2016-06-02,71.03,62.33
2016-06-03,71.03,62.33
2016-06-06,71.03,62.33
2016-06-07,71.03,62.33
2016-06-08,71.03,62.33
2016-06-09,71.03,62.33
2016-06-10,71.03,62.33
2016-06-13,71.03,62.33
2016-06-14,71.03,62.33
2016-06-15,71.03,62.33
2016-06-16,71.03,62.33
2016-06-17,71.03,62.33
2016-06-20,71.03,62.33
2016-06-21,71.03,62.33
2016-06-22,71.03,62.33
2016-06-23,71.03,62.33
2016-06-24,71.03,62.33
2016-06-27,71.03,62.33
2016-06-28,71.03,62.33
2016-06-29,71.03,62.33
2016-06-30,71.03,62.33
2016-07-01,70.28,62.33
2016-07-05,70.28,62.33
2016-07-06,70.28,62.33
2016-07-07,70.28,62.33
2016-07-08,70.28,62.33
2016-07-11,70.28,62.33
2016-07-12,70.28,62.33
2016-07-13,70.28,62.33
2016-07-14,70.28,62.33
2016-07-15,70.28,62.33
2016-07-18,70.28,62.33
2016-07-19,70.28,62.33
2016-07-20,70.28,62.33
2016-07-21,70.28,62.33
2016-07-22,70.28,62.33
2016-07-25,70.28,62.33
2016-07-26,70.28,62.33
2016-07-27,70.28,62.33
2016-07-28,70.28,62.33
2016-07-29,70.28,62.33
2016-08-01,70.28,62.33
2016-08-02,70.28,62.33
2016-08-03,70.28,62.33
2016-08-04,70.28,62.33
2016-08-05,70.28,62.33
2016-08-08,70.28,62.33
2016-08-09,70.28,62.33
2016-08-10,70.28,62.33
2016-08-11,70.28,62.33
2016-08-12,70.28,62.33
2016-08-15,70.28,62.33
2016-08-16,70.28,62.33
2016-08-17,70.28,62.33
2016-08-18,70.28,62.33
2016-08-19,70.28,62.33
2016-08-22,70.28,62.33
2016-08-23,70.28,62.33
2016-08-24,70.28,62.33
2016-08-25,70.28,62.33
2016-08-26,70.28,62.33
2016-08-29,70.28,62.33
2016-08-30,70.28,62.33
2016-08-31,70.28,62.33
2016-09-01,71.18,62.33
2016-09-02,71.18,62.33
2016-09-06,71.18,62.33
2016-09-07,71.18,62.33
2016-09-08,71.18,62.33
2016-09-09,71.18,62.33
2016-09-12,71.18,62.33
2016-09-13,71.18,62.33
2016-09-14,71.18,62.33
2016-09-15,71.18,62.33
2016-09-16,71.18,62.33
2016-09-19,71.18,62.33
2016-09-20,71.18,62.33
2016-09-21,71.18,62.33
2016-09-22,71.18,62.33
2016-09-23,71.18,62.33
2016-09-26,71.18,62.33
2016-09-27,71.18,62.33
2016-09-28,71.18,62.33
2016-09-29,71.18,62.33
2016-09-30,71.18,62.33
2016-10-03,71.18,62.33
2016-10-04,71.18,62.33
2016-10-05,71.18,62.33
2016-10-06,71.18,62.33
2016-10-07,71.18,62.33
2016-10-10,71.18,62.33
2016-10-11,71.18,62.33
2016-10-12,71.18,62.33
2016-10-13,71.18,62.33
2016-10-14,71.18,62.33
2016-10-17,71.18,62.33
2016-10-18,71.18,62.33
2016-10-19,71.18,62.33
2016-10-20,71.18,62.33
2016-10-21,71.18,62.33
2016-10-24,71.18,62.33
2016-10-25,71.18,62.33
2016-10-26,71.18,62.33
2016-10-27,71.18,62.33
2016-10-28,71.18,62.33
2016-10-31,71.18,62.33
2016-11-01,71.38,67.36
2016-11-02,71.38,67.36
2016-11-03,71.38,67.36
2016-11-04,71.38,67.36
2016-11-07,71.38,67.36
2016-11-08,71.38,67.36
2016-11-09,71.38,67.36
2016-11-10,71.38,67.36
2016-11-11,71.38,67.36
2016-11-14,71.38,67.36
2016-11-15,71.38,67.36
2016-11-16,71.38,67.36
2016-11-17,71.38,67.36
2016-11-18,71.38,67.36
2016-11-21,71.38,67.36
2016-11-22,71.38,67.36
2016-11-23,71.38,67.36
2016-11-25,71.38,67.36
2016-11-28,71.38,67.36
2016-11-29,71.38,67.36
2016-11-30,71.38,67.36
2016-12-01,71.38,67.36
2016-12-02,71.38,67.36
2016-12-05,71.38,67.36
2016-12-06,71.38,67.36
2016-12-07,71.38,67.36
2016-12-08,71.38,67.36
2016-12-09,71.38,67.36
2016-12-12,71.38,67.36
2016-12-13,71.38,67.36
2016-12-14,71.38,67.36
2016-12-15,71.38,67.36
2016-12-16,71.38,67.36
2016-12-19,71.38,67.36
2016-12-20,71.38,67.36
2016-12-21,71.38,67.36
2016-12-22,71.38,67.36
2016-12-23,71.38,67.36
2016-12-27,71.38,67.36
2016-12-28,71.38,67.36
2016-12-29,71.38,67.36
2016-12-30,71.38,67.36
2017-01-03,71.49,67.28
2017-01-04,71.49,67.28
2017-01-05,71.49,67.28
2017-01-06,71.49,67.28
2017-01-09,71.49,67.28
2017-01-10,71.49,67.28
2017-01-11,71.49,67.28
2017-01-12,71.49,67.28
2017-01-13,71.49,67.28
2017-01-17,71.49,67.28
2017-01-18,71.49,67.28
2017-01-19,71.49,67.28
2017-01-20,71.49,67.28
2017-01-23,71.49,67.28
2017-01-24,71.49,67.28
2017-01-25,71.49,67.28
2017-01-26,71.49,67.28
2017-01-27,71.49,67.28
2017-01-30,71.49,67.28
2017-01-31,71.49,67.28
2017-02-01,71.49,67.28
2017-02-02,71.49,67.28
2017-02-03,71.49,67.28
2017-02-06,71.49,67.28
2017-02-07,71.49,67.28
2017-02-08,71.49,67.28
2017-02-09,71.49,67.28
2017-02-10,71.49,67.28
2017-02-13,71.49,67.28
2017-02-14,71.49,67.28
2017-02-15,71.49,67.28
2017-02-16,71.49,67.28
2017-02-17,71.49,67.28
2017-02-21,71.49,67.28
2017-02-22,71.49,67.28
2017-02-23,71.49,67.28
2017-02-24,71.49,67.28
2017-02-27,71.49,67.28
2017-02-28,71.49,67.28
2017-03-01,71.49,67.28
2017-03-02,71.49,67.28
2017-03-03,71.49,67.28
2017-03-06,71.49,67.28
2017-03-07,71.49,67.28
2017-03-08,71.49,67.28
2017-03-09,71.49,67.28
2017-03-10,71.49,67.28
2017-03-13,71.49,67.28
2017-03-14,71.49,67.28
2017-03-15,71.49,67.28
2017-03-16,71.49,67.28
2017-03-17,71.49,67.28
2017-03-20,71.49,67.28
2017-03-21,71.49,67.28
2017-03-22,71.49,67.28
2017-03-23,71.49,67.28
2017-03-24,71.49,67.28
2017-03-27,71.49,67.28
2017-03-28,71.49,67.28
2017-03-29,71.49,67.28
2017-03-30,71.49,67.28
2017-03-31,71.49,67.28
2017-04-03,71.49,67.28
2017-04-04,71.49,67.28
2017-04-05,71.49,67.28
2017-04-06,71.49,67.28
2017-04-07,71.49,67.28
2017-04-10,71.49,67.28
2017-04-11,71.49,67.28
2017-04-12,71.49,67.28
2017-04-13,71.49,67.28
2017-04-17,71.49,67.28
2017-04-18,71.49,67.28
2017-04-19,71.49,67.28
2017-04-20,71.49,67.28
2017-04-21,71.49,67.28
2017-04-24,71.49,67.28
2017-04-25,71.49,67.28
2017-04-26,71.49,67.28
2017-04-27,71.49,67.28
2017-04-28,71.49,67.28
2017-05-01,71.74,67.28
2017-05-02,71.74,67.28
2017-05-03,71.74,67.28
2017-05-04,71.74,67.28
2017-05-05,71.74,67.28
2017-05-08,71.74,67.28
2017-05-09,71.74,67.28
2017-05-10,71.74,67.28
2017-05-11,71.74,67.28
2017-05-12,71.74,67.28
2017-05-15,71.74,67.28
2017-05-16,71.74,67.28
2017-05-17,71.74,67.28
2017-05-18,71.74,67.28
2017-05-19,71.74,67.28
2017-05-22,71.74,67.28
2017-05-23,71.74,67.28
2017-05-24,71.74,67.28
2017-05-25,71.74,67.28
2017-05-26,71.74,67.28
2017-05-30,71.74,67.28
2017-05-31,71.74,67.28
2017-06-01,71.74,67.19
2017-06-02,71.74,67.19
2017-06-05,71.74,67.19
2017-06-06,71.74,67.19
2017-06-07,71.74,67.19
2017-06-08,71.74,67.19
2017-06-09,71.74,67.19
2017-06-12,71.74,67.19
2017-06-13,71.74,67.19
2017-06-14,71.74,67.19
2017-06-15,71.74,67.19
2017-06-16,71.74,67.19
2017-06-19,71.74,67.19
2017-06-20,71.74,67.19
2017-06-21,71.74,67.19
2017-06-22,71.74,67.19
2017-06-23,71.74,67.19
2017-06-26,71.74,67.19
2017-06-27,71.74,67.19
2017-06-28,71.74,67.19
2017-06-29,71.74,67.19
2017-06-30,71.74,67.19
2017-07-03,71.74,67.28
2017-07-05,71.74,67.28
2017-07-06,71.74,67.28
2017-07-07,71.74,67.28
2017-07-10,71.74,67.28
2017-07-11,71.74,67.28
2017-07-12,71.74,67.28
2017-07-13,71.74,67.28
2017-07-14,71.74,67.28
2017-07-17,71.74,67.28
2017-07-18,71.74,67.28
2017-07-19,71.74,67.28
2017-07-20,71.74,67.28
2017-07-21,71.74,67.28
2017-07-24,71.74,67.28
2017-07-25,71.74,67.28
2017-07-26,71.74,67.28
2017-07-27,71.74,67.28
2017-07-28,71.74,67.28
2017-07-31,71.74,67.28
2017-08-01,71.17,67.19
2017-08-02,71.17,67.19
2017-08-03,71.17,67.19
2017-08-04,71.17,67.19
2017-08-07,71.17,67.19
2017-08-08,71.17,67.19
2017-08-09,71.17,67.19
2017-08-10,71.17,67.19
2017-08-11,71.17,67.19
2017-08-14,71.17,67.19
2017-08-15,71.17,67.19
2017-08-16,71.17,67.19
2017-08-17,71.17,67.19
2017-08-18,71.17,67.19
2017-08-21,71.17,67.19
2017-08-22,71.17,67.19
2017-08-23,71.17,67.19
2017-08-24,71.17,67.19
2017-08-25,71.17,67.19
2017-08-28,71.17,67.19
2017-08-29,71.17,67.19
2017-08-30,71.17,67.19
2017-08-31,71.17,67.19
2017-09-01,71.17,67.19
2017-09-05,71.17,67.19
2017-09-06,71.17,67.19
2017-09-07,71.17,67.19
2017-09-08,71.17,67.19
2017-09-11,71.17,67.19
2017-09-12,71.17,67.19
2017-09-13,71.17,67.19
2017-09-14,71.17,67.19
2017-09-15,71.17,67.19
2017-09-18,71.17,67.19
2017-09-19,71.17,67.19
2017-09-20,71.17,67.19
2017-09-21,71.17,67.19
2017-09-22,71.17,67.19
2017-09-25,71.17,67.19
2017-09-26,71.17,67.19
2017-09-27,71.17,67.19
2017-09-28,71.17,67.19
2017-09-29,71.17,67.19
2017-10-02,71.21,67.4
2017-10-03,71.21,67.4
2017-10-04,71.21,67.4
2017-10-05,71.21,67.4
2017-10-06,71.21,67.4
2017-10-09,71.21,67.4
2017-10-10,71.21,67.4
2017-10-11,71.21,67.4
2017-10-12,71.21,67.4
2017-10-13,71.21,67.4
2017-10-16,71.21,67.4
2017-10-17,71.21,67.4
2017-10-18,71.21,67.4
2017-10-19,71.21,67.4
2017-10-20,71.21,67.4
2017-10-23,71.21,67.4
2017-10-24,71.21,67.4
2017-10-25,71.21,67.4
2017-10-26,71.21,67.4
2017-10-27,71.21,67.4
2017-10-30,71.21,67.4
2017-10-31,71.21,67.4
2017-11-01,71.21,67.4
2017-11-02,71.21,67.4
2017-11-03,71.21,67.4
2017-11-06,71.21,67.4
2017-11-07,71.21,67.4
2017-11-08,71.21,67.4
2017-11-09,71.21,67.4
2017-11-10,71.21,67.4
2017-11-13,71.21,67.4
2017-11-14,71.21,67.4
2017-11-15,71.21,67.4
2017-11-16,71.21,67.4
2017-11-17,71.21,67.4
2017-11-20,71.21,67.4
2017-11-21,71.21,67.4
2017-11-22,71.21,67.4
2017-11-24,71.21,67.4
2017-11-27,71.21,67.4
2017-11-28,71.21,67.4
2017-11-29,71.21,67.4
2017-11-30,71.21,67.4
2017-12-01,74.16,67.4
2017-12-04,74.16,67.4
2017-12-05,74.16,67.4
2017-12-06,74.16,67.4
2017-12-07,74.16,67.4
2017-12-08,74.16,67.4
2017-12-11,74.16,67.4
2017-12-12,74.16,67.4
2017-12-13,74.16,67.4
2017-12-14,74.16,67.4
2017-12-15,74.16,67.4
2017-12-18,74.16,67.4
2017-12-19,74.16,67.4
2017-12-20,74.16,67.4
2017-12-21,74.16,67.4
2017-12-22,74.16,67.4
2017-12-26,74.16,67.4
2017-12-27,74.16,67.4
2017-12-28,74.16,67.4
2017-12-29,74.16,67.4
2018-01-02,74.16,68.54
2018-01-03,74.16,68.54
2018-01-04,74.16,68.54
2018-01-05,74.16,68.54
2018-01-08,74.16,68.54
2018-01-09,74.16,68.54
2018-01-10,74.16,68.54
2018-01-11,74.16,68.54
2018-01-12,74.16,68.54
2018-01-16,74.16,68.54
2018-01-17,74.16,68.54
2018-01-18,74.16,68.54
2018-01-19,74.16,68.54
2018-01-22,74.16,68.54
2018-01-23,74.16,68.54
2018-01-24,74.16,68.54
2018-01-25,74.16,68.54
2018-01-26,74.16,68.54
2018-01-29,74.16,68.54
2018-01-30,74.16,68.54
2018-01-31,74.16,68.54
2018-02-01,74.16,68.54
2018-02-02,74.16,68.54
2018-02-05,74.16,68.54
2018-02-06,74.16,68.54
2018-02-07,74.16,68.54
2018-02-08,74.16,68.54
2018-02-09,74.16,68.54
2018-02-12,74.16,68.54
2018-02-13,74.16,68.54
2018-02-14,74.16,68.54
2018-02-15,74.16,68.54
2018-02-16,74.16,68.54
2018-02-20,74.16,68.54
2018-02-21,74.16,68.54
2018-02-22,74.16,68.54
2018-02-23,74.16,68.54
2018-02-26,74.16,68.54
2018-02-27,74.16,68.54
2018-02-28,74.16,68.54
2018-03-01,74.16,68.54
2018-03-02,74.16,68.54
2018-03-05,74.16,68.54
2018-03-06,74.16,68.54
2018-03-07,74.16,68.54
2018-03-08,74.16,68.54
2018-03-09,74.16,68.54
2018-03-12,74.16,68.54
2018-03-13,74.16,68.54
2018-03-14,74.16,68.54
2018-03-15,74.16,68.54
2018-03-16,74.16,68.54
2018-03-19,74.16,68.54
2018-03-20,74.16,68.54
2018-03-21,74.16,68.54
2018-03-22,74.16,68.54
2018-03-23,74.16,68.54
2018-03-26,74.16,68.54
2018-03-27,74.16,68.54
2018-03-28,74.16,68.54
2018-03-29,74.16,68.54
2018-04-02,74.16,68.54
2018-04-03,74.16,68.54
2018-04-04,74.16,68.54
2018-04-05,74.16,68.54
2018-04-06,74.16,68.54
2018-04-09,74.16,68.54
2018-04-10,74.16,68.54
2018-04-11,74.16,68.54
2018-04-12,74.16,68.54
2018-04-13,74.16,68.54
2018-04-16,74.16,68.54
2018-04-17,74.16,68.54
2018-04-18,74.16,68.54
2018-04-19,74.16,68.54
2018-04-20,74.16,68.54
2018-04-23,74.16,68.54
2018-04-24,74.16,68.54
2018-04-25,74.16,68.54
2018-04-26,74.16,68.54
2018-04-27,74.16,68.54
2018-04-30,74.16,68.54
2018-05-01,74.16,68.54
2018-05-02,74.16,68.54
2018-05-03,74.16,68.54
2018-05-04,74.16,68.54
2018-05-07,74.16,68.54
2018-05-08,74.16,68.54
2018-05-09,74.16,68.54
2018-05-10,74.16,68.54
2018-05-11,74.16,68.54
2018-05-14,74.16,68.54
2018-05-15,74.16,68.54
2018-05-16,74.16,68.54
2018-05-17,74.16,68.54
2018-05-18,74.16,68.54
2018-05-21,74.16,68.54
2018-05-22,74.16,68.54
2018-05-23,74.16,68.54
2018-05-24,74.16,68.54
2018-05-25,74.16,68.54
2018-05-29,74.16,68.54
2018-05-30,74.16,68.54
2018-05-31,74.16,68.54
2018-06-01,74.16,68.54
2018-06-04,74.16,68.54
2018-06-05,74.16,68.54
2018-06-06,74.16,68.54
2018-06-07,74.16,68.54
2018-06-08,74.16,68.54
2018-06-11,74.16,68.54
2018-06-12,74.16,68.54
2018-06-13,74.16,68.54
2018-06-14,74.16,68.54
2018-06-15,74.16,68.54
2018-06-18,74.16,68.54
2018-06-19,74.16,68.54
2018-06-20,74.16,68.54
2018-06-21,74.16,68.54
2018-06-22,74.16,68.54
2018-06-25,74.16,68.54
2018-06-26,74.16,68.54
2018-06-27,74.16,68.54
2018-06-28,74.16,68.54
2018-06-29,74.16,68.54
2018-07-02,74.16,68.54
2018-07-03,74.16,68.54
2018-07-05,74.16,68.54
2018-07-06,74.16,68.54
2018-07-09,74.16,68.54
2018-07-10,74.16,68.54
2018-07-11,74.16,68.54
2018-07-12,74.16,68.54
2018-07-13,74.16,68.54
2018-07-16,74.16,68.54
2018-07-17,74.16,68.54
2018-07-18,74.16,68.54
2018-07-19,74.16,68.54
2018-07-20,74.16,68.54
2018-07-23,74.16,68.54
2018-07-24,74.16,68.54
2018-07-25,74.16,68.54
2018-07-26,74.16,68.54
2018-07-27,74.16,68.54
2018-07-30,74.16,68.54
2018-07-31,74.16,68.54
2018-08-01,74.16,69.33
2018-08-02,74.16,69.33
2018-08-03,74.16,69.33
2018-08-06,74.16,69.33
2018-08-07,74.16,69.33
2018-08-08,74.16,69.33
2018-08-09,74.16,69.33
2018-08-10,74.16,69.33
2018-08-13,74.16,69.33
2018-08-14,74.16,69.33
2018-08-15,74.16,69.33
2018-08-16,74.16,69.33
2018-08-17,74.16,69.33
2018-08-20,74.16,69.33
2018-08-21,74.16,69.33
2018-08-22,74.16,69.33
2018-08-23,74.16,69.33
2018-08-24,74.16,69.33
2018-08-27,74.16,69.33
2018-08-28,74.16,69.33
2018-08-29,74.16,69.33
2018-08-30,74.16,69.33
2018-08-31,74.16,69.33
2018-09-04,74.16,69.33
2018-09-05,74.16,69.33
2018-09-06,74.16,69.33
2018-09-07,74.16,69.33
2018-09-10,74.16,69.33
2018-09-11,74.16,69.33
2018-09-12,74.16,69.33
2018-09-13,74.16,69.33
2018-09-14,74.16,69.33
2018-09-17,74.16,69.33
2018-09-18,74.16,69.33
2018-09-19,74.16,69.33
2018-09-20,74.16,69.33
2018-09-21,74.16,69.33
2018-09-24,74.16,69.33
2018-09-25,74.16,69.33
2018-09-26,74.16,69.33
2018-09-27,74.16,69.33
2018-09-28,74.16,69.33
2018-10-01,73.92,69.33
2018-10-02,73.92,69.33
2018-10-03,73.92,69.33
2018-10-04,73.92,69.33
2018-10-05,73.92,69.33
2018-10-08,73.92,69.33
2018-10-09,73.92,69.33
2018-10-10,73.92,69.33
2018-10-11,73.92,69.33
2018-10-12,73.92,69.33
2018-10-15,73.92,69.33
2018-10-16,73.92,69.33
2018-10-17,73.92,69.33
2018-10-18,73.92,69.33
2018-10-19,73.92,69.33
2018-10-22,73.92,69.33
2018-10-23,73.92,69.33
2018-10-24,73.92,69.33
2018-10-25,73.92,69.33
2018-10-26,73.92,69.33
2018-10-29,73.92,69.33
2018-10-30,73.92,69.33
2018-10-31,73.92,69.33
2018-11-01,74.15,70.63
2018-11-02,74.15,70.63
2018-11-05,74.15,70.63
2018-11-06,74.15,70.63
2018-11-07,74.15,70.63
2018-11-08,74.15,70.63
2018-11-09,74.15,70.63
2018-11-12,74.15,70.63
2018-11-13,74.15,70.63
2018-11-14,74.15,70.63
2018-11-15,74.15,70.63
2018-11-16,74.15,70.63
2018-11-19,74.15,70.63
2018-11-20,74.15,70.63
2018-11-21,74.15,70.63
2018-11-23,74.15,70.63
2018-11-26,74.15,70.63
2018-11-27,74.15,70.63
2018-11-28,74.15,70.63
2018-11-29,74.15,70.63
2018-11-30,74.15,70.63
2018-12-03,74.15,70.63
2018-12-04,74.15,70.63
2018-12-06,74.15,70.63
2018-12-07,74.15,70.63
2018-12-10,74.15,70.63
2018-12-11,74.15,70.63
2018-12-12,74.15,70.63
2018-12-13,74.15,70.63
2018-12-14,74.15,70.63
2018-12-17,74.15,70.63
2018-12-18,74.15,70.63
2018-12-19,74.15,70.63
2018-12-20,74.15,70.63
2018-12-21,74.15,70.63
2018-12-24,74.15,70.63
2018-12-26,74.15,70.63
2018-12-27,74.15,70.63
2018-12-28,74.15,70.63
2018-12-31,74.15,70.63
2019-01-02,74.15,70.63
2019-01-03,74.15,70.63
2019-01-04,74.15,70.63
2019-01-07,74.15,70.63
2019-01-08,74.15,70.63
2019-01-09,74.15,70.63
2019-01-10,74.15,70.63
2019-01-11,74.15,70.63
2019-01-14,74.15,70.63
2019-01-15,74.15,70.63
2019-01-16,74.15,70.63
2019-01-17,74.15,70.63
2019-01-18,74.15,70.63
2019-01-22,74.15,70.63
2019-01-23,74.15,70.63
2019-01-24,74.15,70.63
2019-01-25,74.15,70.63
2019-01-28,74.15,70.63
2019-01-29,74.15,70.63
2019-01-30,74.15,70.63
2019-01-31,74.15,70.63
2019-02-01,74.15,70.63
2019-02-04,74.15,70.63
2019-02-05,74.15,70.63
2019-02-06,74.15,70.63
2019-02-07,74.15,70.63
2019-02-08,74.15,70.63
2019-02-11,74.15,70.63
2019-02-12,74.15,70.63
2019-02-13,74.15,70.63
2019-02-14,74.15,70.63
2019-02-15,74.15,70.63
2019-02-19,74.15,70.63
2019-02-20,74.15,70.63
2019-02-21,74.15,70.63
2019-02-22,74.15,70.63
2019-02-25,74.15,70.63
2019-02-26,74.15,70.63
2019-02-27,74.15,70.63
2019-02-28,74.15,70.63
2019-03-01,74.15,70.34
2019-03-04,74.15,70.34
2019-03-05,74.15,70.34
2019-03-06,74.15,70.34
2019-03-07,74.15,70.34
2019-03-08,74.15,70.34
2019-03-11,74.15,70.34
2019-03-12,74.15,70.34
2019-03-13,74.15,70.34
2019-03-14,74.15,70.34
2019-03-15,74.15,70.34
2019-03-18,74.15,70.34
2019-03-19,74.15,70.34
2019-03-20,74.15,70.34
2019-03-21,74.15,70.34
2019-03-22,74.15,70.34
2019-03-25,74.15,70.34
2019-03-26,74.15,70.34
2019-03-27,74.15,70.34
2019-03-28,74.15,70.34
2019-03-29,74.15,70.34
2019-04-01,74.15,70.34
2019-04-02,74.15,70.34
2019-04-03,74.15,70.34
2019-04-04,74.15,70.34
2019-04-05,74.15,70.34
2019-04-08,74.15,70.34
2019-04-09,74.15,70.34
2019-04-10,74.15,70.34
2019-04-11,74.15,70.34
2019-04-12,74.15,70.34
2019-04-15,74.15,70.34
2019-04-16,74.15,70.34
2019-04-17,74.15,70.34
2019-04-18,74.15,70.34
2019-04-22,74.15,70.34
2019-04-23,74.15,70.34
2019-04-24,74.15,70.34
2019-04-25,74.15,70.34
2019-04-26,74.15,70.34
2019-04-29,74.15,70.34
2019-04-30,74.15,70.34
2019-05-01,74.15,70.34
2019-05-02,74.15,70.34
2019-05-03,74.15,70.34
2019-05-06,74.15,70.34
2019-05-07,74.15,70.34
2019-05-08,74.15,70.34
2019-05-09,74.15,70.34
2019-05-10,74.15,70.34
2019-05-13,74.15,70.34
2019-05-14,74.15,70.34
2019-05-15,74.15,70.34
2019-05-16,74.15,70.34
2019-05-17,74.15,70.34
2019-05-20,74.15,70.34
2019-05-21,74.15,70.34
2019-05-22,74.15,70.34
2019-05-23,74.15,70.34
2019-05-24,74.15,70.34
2019-05-28,74.15,70.34
2019-05-29,74.15,70.34
2019-05-30,74.15,70.34
2019-05-31,74.15,70.34
2019-06-03,74.15,70.4
2019-06-04,74.15,70.4
2019-06-05,74.15,70.4
2019-06-06,74.15,70.4
2019-06-07,74.15,70.4
2019-06-10,74.15,70.4
2019-06-11,74.15,70.4
2019-06-12,74.15,70.4
2019-06-13,74.15,70.4
2019-06-14,74.15,70.4
2019-06-17,74.15,70.4
2019-06-18,74.15,70.4
2019-06-19,74.15,70.4
2019-06-20,74.15,70.4
2019-06-21,74.15,70.4
2019-06-24,74.15,70.4
2019-06-25,74.15,70.4
2019-06-26,74.15,70.4
2019-06-27,74.15,70.4
2019-06-28,74.15,70.4
2019-07-01,74.55,70.4
2019-07-02,74.55,70.4
2019-07-03,74.55,70.4
2019-07-05,74.55,70.4
2019-07-08,74.55,70.4
2019-07-09,74.55,70.4
2019-07-10,74.55,70.4
2019-07-11,74.55,70.4
2019-07-12,74.55,70.4
2019-07-15,74.55,70.4
2019-07-16,74.55,70.4
2019-07-17,74.55,70.4
2019-07-18,74.55,70.4
2019-07-19,74.55,70.4
2019-07-22,74.55,70.4
2019-07-23,74.55,70.4
2019-07-24,74.55,70.4
2019-07-25,74.55,70.4
2019-07-26,74.55,70.4
2019-07-29,74.55,70.4
2019-07-30,74.55,70.4
2019-07-31,74.55,70.4
2019-08-01,74.55,70.28
2019-08-02,74.55,70.28
2019-08-05,74.55,70.28
2019-08-06,74.55,70.28
2019-08-07,74.55,70.28
2019-08-08,74.55,70.28
2019-08-09,74.55,70.28
2019-08-12,74.55,70.28
2019-08-13,74.55,70.28
2019-08-14,74.55,70.28
2019-08-15,74.55,70.28
2019-08-16,74.55,70.28
2019-08-19,74.55,70.28
2019-08-20,74.55,70.28
2019-08-21,74.55,70.28
2019-08-22,74.55,70.28
2019-08-23,74.55,70.28
2019-08-26,74.55,70.28
2019-08-27,74.55,70.28
2019-08-28,74.55,70.28
2019-08-29,74.55,70.28
2019-08-30,74.55,70.28
2019-09-03,74.65,72.27
2019-09-04,74.65,72.27
2019-09-05,74.65,72.27
2019-09-06,74.65,72.27
2019-09-09,74.65,72.27
2019-09-10,74.65,72.27
2019-09-11,74.65,72.27
2019-09-12,74.65,72.27
2019-09-13,74.65,72.27
2019-09-16,74.65,72.27
2019-09-17,74.65,72.27
2019-09-18,74.65,72.27
2019-09-19,74.65,72.27
2019-09-20,74.65,72.27
2019-09-23,74.65,72.27
2019-09-24,74.65,72.27
2019-09-25,74.65,72.27
2019-09-26,74.65,72.27
2019-09-27,74.65,72.27
2019-09-30,74.65,72.27
2019-10-01,74.65,72.27
2019-10-02,74.65,72.27
2019-10-03,74.65,72.27
2019-10-04,74.65,72.27
2019-10-07,74.65,72.27
2019-10-08,74.65,72.27
2019-10-09,74.65,72.27
2019-10-10,74.65,72.27
2019-10-11,74.65,72.27
2019-10-14,74.65,72.27
2019-10-15,74.65,72.27
2019-10-16,74.65,72.27
2019-10-17,74.65,72.27
2019-10-18,74.65,72.27
2019-10-21,74.65,72.27
2019-10-22,74.65,72.27
2019-10-23,74.65,72.27
2019-10-24,74.65,72.27
2019-10-25,74.65,72.27
2019-10-28,74.65,72.27
2019-10-29,74.65,72.27
2019-10-30,74.65,72.27
2019-10-31,74.65,72.27
2019-11-01,74.8,72.27
2019-11-04,74.8,72.27
2019-11-05,74.8,72.27
2019-11-06,74.8,72.27
2019-11-07,74.8,72.27
2019-11-08,74.8,72.27
2019-11-11,74.8,72.27
2019-11-12,74.8,72.27
2019-11-13,74.8,72.27
2019-11-14,74.8,72.27
2019-11-15,74.8,72.27
2019-11-18,74.8,72.27
2019-11-19,74.8,72.27
2019-11-20,74.8,72.27
2019-11-21,74.8,72.27
2019-11-22,74.8,72.27
2019-11-25,74.8,72.27
2019-11-26,74.8,72.27
2019-11-27,74.8,72.27
2019-11-29,74.8,72.27
2019-12-02,15.35,23.6
2019-12-03,15.35,23.6
2019-12-04,15.35,23.6
2019-12-05,15.35,23.6
2019-12-06,15.35,23.6
2019-12-09,15.35,23.6
2019-12-10,15.35,23.6
2019-12-11,15.35,23.6
2019-12-12,15.35,23.6
2019-12-13,15.35,23.6
2019-12-16,15.35,23.6
2019-12-17,15.35,23.6
2019-12-18,15.35,23.6
2019-12-19,15.35,23.6
2019-12-20,15.35,23.6
2019-12-23,15.35,23.6
2019-12-24,15.35,23.6
2019-12-26,15.35,23.6
2019-12-27,15.35,23.6
2019-12-30,15.35,23.6
2019-12-31,15.35,23.6
2020-01-02,15.35,23.82
2020-01-03,15.35,23.82
2020-01-06,15.35,23.82
2020-01-07,15.35,23.82
2020-01-08,15.35,23.82
2020-01-09,15.35,23.82
2020-01-10,15.35,23.82
2020-01-13,15.35,23.82
2020-01-14,15.35,23.82
2020-01-15,15.35,23.82
2020-01-16,15.35,23.82
2020-01-17,15.35,23.82
2020-01-21,15.35,23.82
2020-01-22,15.35,23.82
2020-01-23,15.35,23.82
2020-01-24,15.35,23.82
2020-01-27,15.35,23.82
2020-01-28,15.35,23.82
2020-01-29,15.35,23.82
2020-01-30,15.35,23.82
2020-01-31,15.35,23.82
2020-02-03,15.35,23.82
2020-02-04,15.35,23.82
2020-02-05,15.35,23.82
2020-02-06,15.35,23.82
2020-02-07,15.35,23.82
2020-02-10,15.35,23.82
2020-02-11,15.35,23.82
2020-02-12,15.35,23.82
2020-02-13,15.35,23.82
2020-02-14,15.35,23.82
2020-02-18,15.35,23.82
2020-02-19,15.35,23.82
2020-02-20,15.35,23.82
2020-02-21,15.35,23.82
2020-02-24,15.35,23.82
2020-02-25,15.35,23.82
2020-02-26,15.35,23.82
2020-02-27,15.35,23.82
2020-02-28,15.35,23.82
2020-03-02,15.55,23.82
2020-03-03,15.55,23.82
2020-03-04,15.55,23.82
2020-03-05,15.55,23.82
2020-03-06,15.55,23.82
2020-03-09,15.55,23.82
2020-03-10,15.55,23.82
2020-03-11,15.55,23.82
2020-03-12,15.55,23.82
2020-03-13,15.55,23.82
2020-03-16,15.55,23.82
2020-03-17,15.55,23.82
2020-03-18,15.55,23.82
2020-03-19,15.55,23.82
2020-03-20,15.55,23.82
2020-03-23,15.55,23.82
2020-03-24,15.55,23.82
2020-03-25,15.55,23.82
2020-03-26,15.55,23.82
2020-03-27,15.55,23.82
2020-03-30,15.55,23.82
2020-03-31,15.55,23.82
2020-04-01,15.55,23.82
2020-04-02,15.55,23.82
2020-04-03,15.55,23.82
2020-04-06,15.55,23.82
2020-04-07,15.55,23.82
2020-04-08,15.55,23.82
2020-04-09,15.55,23.82
2020-04-13,15.55,23.82
2020-04-14,15.55,23.82
2020-04-15,15.55,23.82
2020-04-16,15.55,23.82
2020-04-17,15.55,23.82
2020-04-20,15.55,23.82
2020-04-21,15.55,23.82
2020-04-22,15.55,23.82
2020-04-23,15.55,23.82
2020-04-24,15.55,23.82
2020-04-27,15.55,23.82
2020-04-28,15.55,23.82
2020-04-29,15.55,23.82
2020-04-30,15.55,23.82
2020-05-01,15.55,23.82
2020-05-04,15.55,23.82
2020-05-05,15.55,23.82
2020-05-06,15.55,23.82
2020-05-07,15.55,23.82
2020-05-08,15.55,23.82
2020-05-11,15.55,23.82
2020-05-12,15.55,23.82
2020-05-13,15.55,23.82
2020-05-14,15.55,23.82
2020-05-15,15.55,23.82
2020-05-18,15.55,23.82
2020-05-19,15.55,23.82
2020-05-20,15.55,23.82
2020-05-21,15.55,23.82
2020-05-22,15.55,23.82
2020-05-26,15.55,23.82
2020-05-27,15.55,23.82
2020-05-28,15.55,23.82
2020-05-29,15.55,23.82
2020-06-01,15.55,23.82
2020-06-02,15.55,23.82
2020-06-03,15.55,23.82
2020-06-04,15.55,23.82
2020-06-05,15.55,23.82
2020-06-08,15.55,23.82
2020-06-09,15.55,23.82
2020-06-10,15.55,23.82
2020-06-11,15.55,23.82
2020-06-12,15.55,23.82
2020-06-15,15.55,23.82
2020-06-16,15.55,23.82
2020-06-17,15.55,23.82
2020-06-18,15.55,23.82
2020-06-19,15.55,23.82
2020-06-22,15.55,23.82
2020-06-23,15.55,23.82
2020-06-24,15.55,23.82
2020-06-25,15.55,23.82
2020-06-26,15.55,23.82
2020-06-29,15.55,23.82
2020-06-30,15.55,23.82
2020-07-01,14.91,23.62
2020-07-02,14.91,23.62
2020-07-06,14.91,23.62
2020-07-07,14.91,23.62
2020-07-08,14.91,23.62
2020-07-09,14.91,23.62
2020-07-10,14.91,23.62
2020-07-13,14.91,23.62
2020-07-14,14.91,23.62
2020-07-15,14.91,23.62
2020-07-16,14.91,23.62
2020-07-17,14.91,23.62
2020-07-20,14.91,23.62
2020-07-21,14.91,23.62
2020-07-22,14.91,23.62
2020-07-23,14.91,23.62
2020-07-24,14.91,23.62
2020-07-27,14.91,23.62
2020-07-28,14.91,23.62
2020-07-29,14.91,23.62
2020-07-30,14.91,23.62
2020-07-31,14.91,23.62
2020-08-03,14.91,23.62
2020-08-04,14.91,23.62
2020-08-05,14.91,23.62
2020-08-06,14.91,23.62
2020-08-07,14.91,23.62
2020-08-10,14.91,23.62
2020-08-11,14.91,23.62
2020-08-12,14.91,23.62
2020-08-13,14.91,23.62
2020-08-14,14.91,23.62
2020-08-17,14.91,23.62
2020-08-18,14.91,23.62
2020-08-19,14.91,23.62
2020-08-20,14.91,23.62
2020-08-21,14.91,23.62
2020-08-24,14.91,23.62
2020-08-25,14.91,23.62
2020-08-26,14.91,23.62
2020-08-27,14.91,23.62
2020-08-28,14.91,23.62
2020-08-31,14.91,23.62
2020-09-01,14.91,23.62
2020-09-02,14.91,23.62
2020-09-03,14.91,23.62
2020-09-04,14.91,23.62
2020-09-08,14.91,23.62
2020-09-09,14.91,23.62
2020-09-10,14.91,23.62
2020-09-11,14.91,23.62
2020-09-14,14.91,23.62
2020-09-15,14.91,23.62
2020-09-16,14.91,23.62
2020-09-17,14.91,23.62
2020-09-18,14.91,23.62
2020-09-21,14.91,23.62
2020-09-22,14.91,23.62
2020-09-23,14.91,23.62
2020-09-24,14.91,23.62
2020-09-25,14.91,23.62
2020-09-28,14.91,23.62
2020-09-29,14.91,23.62
2020-09-30,14.91,23.62
2020-10-01,14.94,23.65
2020-10-02,14.94,23.65
2020-10-05,14.94,23.65
2020-10-06,14.94,23.65
2020-10-07,14.94,23.65
2020-10-08,14.94,23.65
2020-10-09,14.94,23.65
2020-10-12,14.94,23.65
2020-10-13,14.94,23.65
2020-10-14,14.94,23.65
2020-10-15,14.94,23.65
2020-10-16,14.94,23.65
2020-10-19,14.94,23.65
2020-10-20,14.94,23.65
2020-10-21,14.94,23.65
2020-10-22,14.94,23.65
2020-10-23,14.94,23.65
2020-10-26,14.94,23.65
2020-10-27,14.94,23.65
2020-10-28,14.94,23.65
2020-10-29,14.94,23.65
2020-10-30,14.94,23.65
2020-11-02,14.94,23.65
2020-11-03,14.94,23.65
2020-11-04,14.94,23.65
2020-11-05,14.94,23.65
2020-11-06,14.94,23.65
2020-11-09,14.94,23.65
2020-11-10,14.94,23.65
2020-11-11,14.94,23.65
2020-11-12,14.94,23.65
2020-11-13,14.94,23.65
2020-11-16,14.94,23.65
2020-11-17,14.94,23.65
2020-11-18,14.94,23.65
2020-11-19,14.94,23.65
2020-11-20,14.94,23.65
2020-11-23,14.94,23.65
2020-11-24,14.94,23.65
2020-11-25,14.94,23.65
2020-11-27,14.94,23.65
2020-11-30,14.94,23.65
2020-12-01,14.94,23.65
2020-12-02,14.94,23.65
2020-12-03,14.94,23.65
2020-12-04,14.94,23.65
2020-12-07,14.94,23.65
2020-12-08,14.94,23.65
2020-12-09,14.94,23.65
2020-12-10,14.94,23.65
2020-12-11,14.94,23.65
2020-12-14,14.94,23.65
2020-12-15,14.94,23.65
2020-12-16,14.94,23.65
2020-12-17,14.94,23.65
2020-12-18,14.94,23.65
2020-12-21,14.94,23.65
2020-12-22,14.94,23.65
2020-12-23,14.94,23.65
2020-12-24,14.94,23.65
2020-12-28,14.94,23.65
2020-12-29,14.94,23.65
2020-12-30,14.94,23.65
2020-12-31,14.94,23.65
2021-01-04,14.74,16.46
2021-01-05,14.74,16.46
2021-01-06,14.74,16.46
2021-01-07,14.74,16.46
2021-01-08,14.74,16.46
2021-01-11,14.74,16.46
2021-01-12,14.74,16.46
2021-01-13,14.74,16.46
2021-01-14,14.74,16.46
2021-01-15,14.74,16.46
2021-01-19,14.74,16.46
2021-01-20,14.74,16.46
2021-01-21,14.74,16.46
2021-01-22,14.74,16.46
2021-01-25,14.74,16.46
2021-01-26,14.74,16.46
2021-01-27,14.74,16.46
2021-01-28,14.74,16.46
2021-01-29,14.74,16.46
2021-02-01,14.74,16.58
2021-02-02,14.74,16.58
2021-02-03,14.74,16.58
2021-02-04,14.74,16.58
2021-02-05,14.74,16.58
2021-02-08,14.74,16.58
2021-02-09,14.74,16.58
2021-02-10,14.74,16.58
2021-02-11,14.74,16.58
2021-02-12,14.74,16.58
2021-02-16,14.74,16.58
2021-02-17,14.74,16.58
2021-02-18,14.74,16.58
2021-02-19,14.74,16.58
2021-02-22,14.74,16.58
2021-02-23,14.74,16.58
2021-02-24,14.74,16.58
2021-02-25,14.74,16.58
2021-02-26,14.74,16.58
2021-03-01,14.74,16.73
2021-03-02,14.74,16.73
2021-03-03,14.74,16.73
2021-03-04,14.74,16.73
2021-03-05,14.74,16.73
2021-03-08,14.74,16.73
2021-03-09,14.74,16.73
2021-03-10,14.74,16.73
2021-03-11,14.74,16.73
2021-03-12,14.74,16.73
2021-03-15,14.74,16.73
2021-03-16,14.74,16.73
2021-03-17,14.74,16.73
2021-03-18,14.74,16.73
2021-03-19,14.74,16.73
2021-03-22,14.74,16.73
2021-03-23,14.74,16.73
2021-03-24,14.74,16.73
2021-03-25,14.74,16.73
2021-03-26,14.74,16.73
2021-03-29,14.74,16.73
2021-03-30,14.74,16.73
2021-03-31,14.74,16.73
2021-04-01,14.74,16.73
2021-04-05,14.74,16.73
2021-04-06,14.74,16.73
2021-04-07,14.74,16.73
2021-04-08,14.74,16.73
2021-04-09,14.74,16.73
2021-04-12,14.74,16.73
2021-04-13,14.74,16.73
2021-04-14,14.74,16.73
2021-04-15,14.74,16.73
2021-04-16,14.74,16.73
2021-04-19,14.74,16.73
2021-04-20,14.74,16.73
2021-04-21,14.74,16.73
2021-04-22,14.74,16.73
2021-04-23,14.74,16.73
2021-04-26,14.74,16.73
2021-04-27,14.74,16.73
2021-04-28,14.74,16.73
2021-04-29,14.74,16.73
2021-04-30,14.74,16.73
2021-05-03,14.63,16.92
2021-05-04,14.63,16.92
2021-05-05,14.63,16.92
2021-05-06,14.63,16.92
2021-05-07,14.63,16.92
2021-05-10,14.63,16.92
2021-05-11,14.63,16.92
2021-05-12,14.63,16.92
2021-05-13,14.63,16.92
2021-05-14,14.63,16.92
2021-05-17,14.63,16.92
2021-05-18,14.63,16.92
2021-05-19,14.63,16.92
2021-05-20,14.63,16.92
2021-05-21,14.63,16.92
2021-05-24,14.63,16.92
2021-05-25,14.63,16.92
2021-05-26,14.63,16.92
2021-05-27,14.63,16.92
2021-05-28,14.63,16.92
2021-06-01,14.63,16.92
2021-06-02,14.63,16.92
2021-06-03,14.63,16.92
2021-06-04,14.63,16.92
2021-06-07,14.63,16.92
2021-06-08,14.63,16.92
2021-06-09,14.63,16.92
2021-06-10,14.63,16.92
2021-06-11,14.63,16.92
2021-06-14,14.63,16.92
2021-06-15,14.63,16.92
2021-06-16,14.63,16.92
2021-06-17,14.63,16.92
2021-06-18,14.63,16.92
2021-06-21,14.63,16.92
2021-06-22,14.63,16.92
2021-06-23,14.63,16.92
2021-06-24,14.63,16.92
2021-06-25,14.63,16.92
2021-06-28,14.63,16.92
2021-06-29,14.63,16.92
2021-06-30,14.63,16.92
2021-07-01,14.63,16.92
2021-07-02,14.63,16.92
2021-07-06,14.63,16.92
2021-07-07,14.63,16.92
2021-07-08,14.63,16.92
2021-07-09,14.63,16.92
2021-07-12,14.63,16.92
2021-07-13,14.63,16.92
2021-07-14,14.63,16.92
2021-07-15,14.63,16.92
2021-07-16,14.63,16.92
2021-07-19,14.63,16.92
2021-07-20,14.63,16.92
2021-07-21,14.63,16.92
2021-07-22,14.63,16.92
2021-07-23,14.63,16.92
2021-07-26,14.63,16.92
2021-07-27,14.63,16.92
2021-07-28,14.63,16.92
2021-07-29,14.63,16.92
2021-07-30,14.63,16.92
2021-08-02,14.63,16.92
2021-08-03,14.63,16.92
2021-08-04,14.63,16.92
2021-08-05,14.63,16.92
2021-08-06,14.63,16.92
2021-08-09,14.63,16.92
2021-08-10,14.63,16.92
2021-08-11,14.63,16.92
2021-08-12,14.63,16.92
2021-08-13,14.63,16.92
2021-08-16,14.63,16.92
2021-08-17,14.63,16.92
2021-08-18,14.63,16.92
2021-08-19,14.63,16.92
2021-08-20,14.63,16.92
2021-08-23,14.63,16.92
2021-08-24,14.63,16.92
2021-08-25,14.63,16.92
2021-08-26,14.63,16.92
2021-08-27,14.63,16.92
2021-08-30,14.63,16.92
2021-08-31,14.63,16.92
2021-09-01,13.26,16.92
2021-09-02,13.26,16.92
2021-09-03,13.26,16.92
2021-09-07,13.26,16.92
2021-09-08,13.26,16.92
2021-09-09,13.26,16.92
2021-09-10,13.26,16.92
2021-09-13,13.26,16.92
2021-09-14,13.26,16.92
2021-09-15,13.26,16.92
2021-09-16,13.26,16.92
2021-09-17,13.26,16.92
2021-09-20,13.26,16.92
2021-09-21,13.26,16.92
2021-09-22,13.26,16.92
2021-09-23,13.26,16.92
2021-09-24,13.26,16.92
2021-09-27,13.26,16.92
2021-09-28,13.26,16.92
2021-09-29,13.26,16.92
2021-09-30,13.26,16.92
2021-10-01,13.26,16.92
2021-10-04,13.26,16.92
2021-10-05,13.26,16.92
2021-10-06,13.26,16.92
2021-10-07,13.26,16.92
2021-10-08,13.26,16.92
2021-10-11,13.26,16.92
2021-10-12,13.26,16.92
2021-10-13,13.26,16.92
2021-10-14,13.26,16.92
2021-10-15,13.26,16.92
2021-10-18,13.26,16.92
2021-10-19,13.26,16.92
2021-10-20,13.26,16.92
2021-10-21,13.26,16.92
2021-10-22,13.26,16.92
2021-10-25,13.26,16.92
2021-10-26,13.26,16.92
2021-10-27,13.26,16.92
2021-10-28,13.26,16.92
2021-10-29,13.26,16.92
2021-11-01,13.26,16.92
2021-11-02,13.26,16.92
2021-11-03,13.26,16.92
2021-11-04,13.26,16.92
2021-11-05,13.26,16.92
2021-11-08,13.26,16.92
2021-11-09,13.26,16.92
2021-11-10,13.26,16.92
2021-11-11,13.26,16.92
2021-11-12,13.26,16.92
2021-11-15,13.26,16.92
2021-11-16,13.26,16.92
2021-11-17,13.26,16.92
2021-11-18,13.26,16.92
2021-11-19,13.26,16.92
2021-11-22,13.26,16.92
2021-11-23,13.26,16.92
2021-11-24,13.26,16.92
2021-11-26,13.26,16.92
2021-11-29,13.26,16.92
2021-11-30,13.26,16.92
2021-12-01,13.26,16.92
2021-12-02,13.26,16.92
2021-12-03,13.26,16.92
2021-12-06,13.26,16.92
2021-12-07,13.26,16.92
2021-12-08,13.26,16.92
2021-12-09,13.26,16.92
2021-12-10,13.26,16.92
2021-12-13,13.26,16.92
2021-12-14,13.26,16.92
2021-12-15,13.26,16.92
2021-12-16,13.26,16.92
2021-12-17,13.26,16.92
2021-12-20,13.26,16.92
2021-12-21,13.26,16.92
2021-12-22,13.26,16.92
2021-12-23,13.26,16.92
2021-12-27,13.26,16.92
2021-12-28,13.26,16.92
2021-12-29,13.26,16.92
2021-12-30,13.26,16.92
2021-12-31,13.26,16.92
2022-01-03,13.26,16.92
2022-01-04,13.26,16.92
2022-01-05,13.26,16.92
2022-01-06,13.26,16.92
2022-01-07,13.26,16.92
2022-01-10,13.26,16.92
2022-01-11,13.26,16.92
2022-01-12,13.26,16.92
2022-01-13,13.26,16.92
2022-01-14,13.26,16.92
2022-01-18,13.26,16.92
2022-01-19,13.26,16.92
2022-01-20,13.26,16.92
2022-01-21,13.26,16.92
2022-01-24,13.26,16.92
2022-01-25,13.26,16.92
2022-01-26,13.26,16.92
2022-01-27,13.26,16.92
2022-01-28,13.26,16.92
2022-01-31,13.26,16.92
2022-02-01,13.26,16.27
2022-02-02,13.26,16.27
2022-02-03,13.26,16.27
2022-02-04,13.26,16.27
2022-02-07,13.26,16.27
2022-02-08,13.26,16.27
2022-02-09,13.26,16.27
2022-02-10,13.26,16.27
2022-02-11,13.26,16.27
2022-02-14,13.26,16.27
2022-02-15,13.26,16.27
2022-02-16,13.26,16.27
2022-02-17,13.26,16.27
2022-02-18,13.26,16.27
2022-02-22,13.26,16.27
2022-02-23,13.26,16.27
2022-02-24,13.26,16.27
2022-02-25,13.26,16.27
2022-02-28,13.26,16.27
2022-03-01,13.26,16.27
2022-03-02,13.26,16.27
2022-03-03,13.26,16.27
2022-03-04,13.26,16.27
2022-03-07,13.26,16.27
2022-03-08,13.26,16.27
2022-03-09,13.26,16.27
2022-03-10,13.26,16.27
2022-03-11,13.26,16.27
2022-03-14,13.26,16.27
2022-03-15,13.26,16.27
2022-03-16,13.26,16.27
2022-03-17,13.26,16.27
2022-03-18,13.26,16.27
2022-03-21,13.26,16.27
2022-03-22,13.26,16.27
2022-03-23,13.26,16.27
2022-03-24,13.26,16.27
2022-03-25,13.26,16.27
2022-03-28,13.26,16.27
2022-03-29,13.26,16.27
2022-03-30,13.26,16.27
2022-03-31,13.26,16.27
2022-04-01,13.26,16.27
2022-04-04,13.26,16.27
2022-04-05,13.26,16.27
2022-04-06,13.26,16.27
2022-04-07,13.26,16.27
2022-04-08,13.26,16.27
2022-04-11,13.26,16.27
2022-04-12,13.26,16.27
2022-04-13,13.26,16.27
2022-04-14,13.26,16.27
2022-04-18,13.26,16.27
2022-04-19,13.26,16.27
2022-04-20,13.26,16.27
2022-04-21,13.26,16.27
2022-04-22,13.26,16.27
2022-04-25,13.26,16.27
2022-04-26,13.26,16.27
2022-04-27,13.26,16.27
2022-04-28,13.26,16.27
2022-04-29,13.26,16.27
2022-05-02,13.75,16.41
2022-05-03,13.75,16.41
2022-05-04,13.75,16.41
2022-05-05,13.75,16.41
2022-05-06,13.75,16.41
2022-05-09,13.75,16.41
2022-05-10,13.75,16.41
2022-05-11,13.75,16.41
2022-05-12,13.75,16.41
2022-05-13,13.75,16.41
2022-05-16,13.75,16.41
2022-05-17,13.75,16.41
2022-05-18,13.75,16.41
2022-05-19,13.75,16.41
2022-05-20,13.75,16.41
2022-05-23,13.75,16.41
2022-05-24,13.75,16.41
2022-05-25,13.75,16.41
2022-05-26,13.75,16.41
2022-05-27,13.75,16.41
2022-05-31,13.75,16.41
2022-06-01,13.75,16.41
2022-06-02,13.75,16.41
2022-06-03,13.75,16.41
2022-06-06,13.75,16.41
2022-06-07,13.75,16.41
2022-06-08,13.75,16.41
2022-06-09,13.75,16.41
2022-06-10,13.75,16.41
2022-06-13,13.75,16.41
2022-06-14,13.75,16.41
2022-06-15,13.75,16.41
2022-06-16,13.75,16.41
2022-06-17,13.75,16.41
2022-06-21,13.75,16.41
2022-06-22,13.75,16.41
2022-06-23,13.75,16.41
2022-06-24,13.75,16.41
2022-06-27,13.75,16.41
2022-06-28,13.75,16.41
2022-06-29,13.75,16.41
2022-06-30,13.75,16.41
2022-07-01,13.75,16.41
2022-07-05,13.75,16.41
2022-07-06,13.75,16.41
2022-07-07,13.75,16.41
2022-07-08,13.75,16.41
2022-07-11,13.75,16.41
2022-07-12,13.75,16.41
2022-07-13,13.75,16.41
2022-07-14,13.75,16.41
2022-07-15,13.75,16.41
2022-07-18,13.75,16.41
2022-07-19,13.75,16.41
2022-07-20,13.75,16.41
2022-07-21,13.75,16.41
2022-07-22,13.75,16.41
2022-07-25,13.75,16.41
2022-07-26,13.75,16.41
2022-07-27,13.75,16.41
2022-07-28,13.75,16.41
2022-07-29,13.75,16.41
2022-08-01,15.24,16.68
2022-08-02,15.24,16.68
2022-08-03,15.24,16.68
2022-08-04,15.24,16.68
2022-08-05,15.24,16.68
2022-08-08,15.24,16.68
2022-08-09,15.24,16.68
2022-08-10,15.24,16.68
2022-08-11,15.24,16.68
2022-08-12,15.24,16.68
2022-08-15,15.24,16.68
2022-08-16,15.24,16.68
2022-08-17,15.24,16.68
2022-08-18,15.24,16.68
2022-08-19,15.24,16.68
2022-08-22,15.24,16.68
2022-08-23,15.24,16.68
2022-08-24,15.24,16.68
2022-08-25,15.24,16.68
2022-08-26,15.24,16.68
2022-08-29,15.24,16.68
2022-08-30,15.24,16.68
2022-08-31,15.24,16.68
2022-09-01,15.24,16.68
2022-09-02,15.24,16.68
2022-09-06,15.24,16.68
2022-09-07,15.24,16.68
2022-09-08,15.24,16.68
2022-09-09,15.24,16.68
2022-09-12,15.24,16.68
2022-09-13,15.24,16.68
2022-09-14,15.24,16.68
2022-09-15,15.24,16.68
2022-09-16,15.24,16.68
2022-09-19,15.24,16.68
2022-09-20,15.24,16.68
2022-09-21,15.24,16.68
2022-09-22,15.24,16.68
2022-09-23,15.24,16.68
2022-09-26,15.24,16.68
2022-09-27,15.24,16.68
2022-09-28,15.24,16.68
2022-09-29,15.24,16.68
2022-09-30,15.24,16.68
2022-10-03,15.24,16.68
2022-10-04,15.24,16.68
2022-10-05,15.24,16.68
2022-10-06,15.24,16.68
2022-10-07,15.24,16.68
2022-10-10,15.24,16.68
2022-10-11,15.24,16.68
2022-10-12,15.24,16.68
2022-10-13,15.24,16.68
2022-10-14,15.24,16.68
2022-10-17,15.24,16.68
2022-10-18,15.24,16.68
2022-10-19,15.24,16.68
2022-10-20,15.24,16.68
2022-10-21,15.24,16.68
2022-10-24,15.24,16.68
2022-10-25,15.24,16.68
2022-10-26,15.24,16.68
2022-10-27,15.24,16.68
2022-10-28,15.24,16.68
2022-10-31,15.24,16.68
2022-11-01,15.24,16.68
2022-11-02,15.24,16.68
2022-11-03,15.24,16.68
2022-11-04,15.24,16.68
2022-11-07,15.24,16.68
2022-11-08,15.24,16.68
2022-11-09,15.24,16.68
2022-11-10,15.24,16.68
2022-11-11,15.24,16.68
2022-11-14,15.24,16.68
2022-11-15,15.24,16.68
2022-11-16,15.24,16.68
2022-11-17,15.24,16.68
2022-11-18,15.24,16.68
2022-11-21,15.24,16.68
2022-11-22,15.24,16.68
2022-11-23,15.24,16.68
2022-11-25,15.24,16.68
2022-11-28,15.24,16.68
2022-11-29,15.24,16.68
2022-11-30,15.24,16.68
2022-12-01,15.24,16.68
2022-12-02,15.24,16.68
2022-12-05,15.24,16.68
2022-12-06,15.24,16.68
2022-12-07,15.24,16.68
2022-12-08,15.24,16.68
2022-12-09,15.24,16.68
2022-12-12,15.24,16.68
2022-12-13,15.24,16.68
2022-12-14,15.24,16.68
2022-12-15,15.24,16.68
2022-12-16,15.24,16.68
2022-12-19,15.24,16.68
2022-12-20,15.24,16.68
2022-12-21,15.24,16.68
2022-12-22,15.24,16.68
2022-12-23,15.24,16.68
2022-12-27,15.24,16.68
2022-12-28,15.24,16.68
2022-12-29,15.24,16.68
2022-12-30,15.24,16.68
2023-01-03,15.24,16.68
